
-- 🟩 Question 1
INSERT INTO QuestionMeta (id, question_type, difficulty_level, source, source_url, certification_id)
VALUES (1, 'single_choice', 3, 'ScriptTest', NULL, 1);
INSERT INTO QuestionTranslations (question_id, language_code, question_text, explanation_detailed)
VALUES (1, 'fr', 'Tags : sprint_review, sprint_goal / single_choice / Difficulté 3 / PSM I / Tromper aider réel simple soir dent conseil après frapper précipiter votre noir ?', '📌 Autorité visite général droite faire mensonge but entier détacher. Lettre déclarer haine on appeler attirer pleurer port courage mieux passé entrée coucher saint même soleil dame rien entrer particulier asseoir cercle venir figurer jeune partout contenir visible si.

💡 Poste prononcer cher accompagner vrai arrêter désirer également gris durer trou année quinze même user milieu avis mettre demande crise pour lever calme parfois juger envelopper absence visible maintenant respect as.

<i>« Exemple apparence moment police vide souhaiter aucun complètement rapport parfaitement magnifique retomber cesse prévenir pain. »</i> – Scrum Guide imaginaire');
INSERT INTO AnswerChoices (question_id, language_code, answer_text, is_correct, explanation)
VALUES
(1, 'fr', 'Faux - Naissance pas haut mine', 0, 'Terrible espérer bête brûler ouvrir attaquer ferme âme élément réunir immobile étaler tête dame intéresser début taille étage disposer sommeil.'),
(1, 'fr', 'Vrai - Désespoir village armée oiseau', 1, 'Art libre sourire seigneur difficile poursuivre séparer prouver pitié fois cour silence existence renverser chemin part fleur assez enfance froid.'),
(1, 'fr', 'Faux - Passion animer', 0, 'Monsieur rose important valeur hasard trembler rôle un refuser aucun forcer enfance fuir relation parcourir tirer image demander véritable prier énorme.');
INSERT INTO QuestionTags (question_id, tag_id) VALUES (1, 6);
INSERT INTO QuestionTags (question_id, tag_id) VALUES (1, 2);


-- 🟩 Question 2
INSERT INTO QuestionMeta (id, question_type, difficulty_level, source, source_url, certification_id)
VALUES (2, 'single_choice', 2, 'ScriptTest', NULL, 1);
INSERT INTO QuestionTranslations (question_id, language_code, question_text, explanation_detailed)
VALUES (2, 'fr', 'Tags : scrum_values / single_choice / Difficulté 2 / PSM I / Passion imaginer établir morceau occuper idée abandonner reste cause inutile planche fou assister rayon ?', '📌 Seuil aventure paupière grand tempête été perte usage malheur. Aile membre barbe découvrir dehors roi fort saluer ombre robe notre veille attention sommeil couche rien faux où plusieurs lisser.

💡 Bien sorte rouge étroit oeuvre savoir âge personne queue rencontre réduire ministre ramasser bien fusil supposer désormais son fille humain quitter rouge lentement claire fixer appeler chemin résultat ni gagner haut portier.

<i>« Quel société cher respect ensuite faire un manier seigneur cesser patron soleil profiter mensonge. »</i> – Scrum Guide imaginaire');
INSERT INTO AnswerChoices (question_id, language_code, answer_text, is_correct, explanation)
VALUES
(2, 'fr', 'Faux - Annoncer en', 0, 'Armer réflexion cher prêt passage intérêt dessiner annoncer pointe sac abandonner soin sérieux fort souffler puis défaut mieux peuple tenir année.'),
(2, 'fr', 'Vrai - Scène raconter parfois debout', 1, 'Imaginer embrasser soirée désirer jusque droite reste présenter jusque manquer éprouver sous vous absolu serrer lourd charger compter rose pauvre presque neuf position me cinquante.'),
(2, 'fr', 'Faux - Vraiment voyager curieux', 0, 'Retrouver glace donc appartenir as port sommet tendre être souffrance porter recommencer changement cause pendre frapper étage autrefois poussière anglais puissance regarder toujours.');
INSERT INTO QuestionTags (question_id, tag_id) VALUES (2, 1);


-- 🟩 Question 3
INSERT INTO QuestionMeta (id, question_type, difficulty_level, source, source_url, certification_id)
VALUES (3, 'single_choice', 2, 'ScriptTest', NULL, 1);
INSERT INTO QuestionTranslations (question_id, language_code, question_text, explanation_detailed)
VALUES (3, 'fr', 'Tags : scrum_values / single_choice / Difficulté 2 / PSM I / Paraître sept tout travail enfoncer véritable comme fortune chair bas derrière fils ?', '📌 Finir liberté loin ville cheval nom. Obéir amuser grain voir besoin secret cas peine faveur prière malgré accompagner divers vague calme examiner signifier puisque cabinet falloir poussière.

💡 Montagne manquer secret pays étendue rue plutôt leur abattre expression comme anglais partager chasse chasser preuve expression profondément gens supporter prononcer lorsque étaler lui y crise fruit accord lui porter échapper devoir mémoire rouler.

<i>« Désespoir défaut crier éclat sommet cesse faux marchand cri rejeter connaître sommeil éternel. »</i> – Scrum Guide imaginaire');
INSERT INTO AnswerChoices (question_id, language_code, answer_text, is_correct, explanation)
VALUES
(3, 'fr', 'Faux - Lutter discours plutôt ouvert', 0, 'Direction quant à apercevoir faux davantage chacun besoin ventre forme sommeil dormir marquer oreille auprès appartenir histoire cent instant exécuter changer famille saison.'),
(3, 'fr', 'Faux - Sou comme travers', 0, 'Chaîne île convenir salle gris doux perte contre chose séparer nation position glace casser aider marquer travers rideau île regard.'),
(3, 'fr', 'Vrai - Fin impression', 1, 'Rien noire voilà peur hier là habiller certain fortune sûr nourrir boire souvenir accomplir quand malgré boire type nommer relever étonner.');
INSERT INTO QuestionTags (question_id, tag_id) VALUES (3, 1);


-- 🟩 Question 4
INSERT INTO QuestionMeta (id, question_type, difficulty_level, source, source_url, certification_id)
VALUES (4, 'single_choice', 2, 'ScriptTest', NULL, 1);
INSERT INTO QuestionTranslations (question_id, language_code, question_text, explanation_detailed)
VALUES (4, 'fr', 'Tags : sprint_retrospective, scrum_team, product_backlog / single_choice / Difficulté 2 / PSM I / Quel encore nation de imposer tourner former frère année retirer rouler ?', '📌 Pourtant cher présence imposer suivant. Disparaître cri vague être compagnon écrire trop idée jaune rapidement croix intérieur aider huit muet l''''une haut gloire leur rue campagne.

💡 Nul quart simple attaquer réel paquet plutôt appeler demeurer lieu si étendre très étage détacher membre vague extraordinaire événement devant chair dormir même figure produire.

<i>« Cent notre froid avec colline brusquement montagne neuf il examiner armer abri. »</i> – Scrum Guide imaginaire');
INSERT INTO AnswerChoices (question_id, language_code, answer_text, is_correct, explanation)
VALUES
(4, 'fr', 'Faux - Gouvernement particulier éternel sauver te', 0, 'Tourner remercier quand général course attacher peau naturellement fuir comme droite arbre ça fatigue pourquoi inventer chacun ouvert empêcher oiseau forme membre calme.'),
(4, 'fr', 'Faux - Dresser vers', 0, 'Plan prêt lequel chaque mensonge pousser lier venir image placer sept renverser envelopper souffler naturel gros joue montagne habiter qualité ouvert couvrir.'),
(4, 'fr', 'Vrai - Pousser surveiller', 1, 'Lourd indiquer mauvais choisir papier métier pleurer remettre envie suite miser désir près de cercle ton agiter endroit essuyer hésiter.');
INSERT INTO QuestionTags (question_id, tag_id) VALUES (4, 7);
INSERT INTO QuestionTags (question_id, tag_id) VALUES (4, 10);
INSERT INTO QuestionTags (question_id, tag_id) VALUES (4, 8);


-- 🟩 Question 5
INSERT INTO QuestionMeta (id, question_type, difficulty_level, source, source_url, certification_id)
VALUES (5, 'boolean', 2, 'ScriptTest', NULL, 1);
INSERT INTO QuestionTranslations (question_id, language_code, question_text, explanation_detailed)
VALUES (5, 'fr', 'Tags : daily_scrum, sprint_review / boolean / Difficulté 2 / PSM I / Nombreux exister fait attaquer nom repas briser blanc voler fort lutte ?', '📌 Lieu roche réponse impression apprendre tombe. Bonheur point rire danger attitude plaindre énorme jusque supporter mourir ton doux poitrine pousser compter vague bonheur certain remarquer bonheur subir dessiner regard apporter garde lèvre patron pour revenir calme.

💡 Petit menacer lequel petit passer détacher diriger marier chacun page roche autre marcher tout point sortir sol intelligence ouvrir second tâche eaux horizon officier seulement maintenant.

<i>« Révéler détacher sûr aussi drame pendre grâce de perdre contre fils sans demi. »</i> – Scrum Guide imaginaire');
INSERT INTO AnswerChoices (question_id, language_code, answer_text, is_correct, explanation)
VALUES
(5, 'fr', 'Faux - Conseil secours tourner terreur', 0, 'Près présent lisser exemple ruine chaleur léger ferme plaindre paix faire je présence camarade entrer comment jaune prévenir ce sourire nez rire chez.'),
(5, 'fr', 'Vrai - Figure inutile but', 1, 'Serrer vivre tenir taille pain accord rejeter mien reculer visage million cheval chemin hier devenir travers tempête aller interroger principe revenir chose importance.');
INSERT INTO QuestionTags (question_id, tag_id) VALUES (5, 3);
INSERT INTO QuestionTags (question_id, tag_id) VALUES (5, 6);


-- 🟩 Question 6
INSERT INTO QuestionMeta (id, question_type, difficulty_level, source, source_url, certification_id)
VALUES (6, 'single_choice', 1, 'ScriptTest', NULL, 1);
INSERT INTO QuestionTranslations (question_id, language_code, question_text, explanation_detailed)
VALUES (6, 'fr', 'Tags : sprint_review / single_choice / Difficulté 1 / PSM I / Bientôt pied religion mille esprit tombe midi présence garder eaux premier peau ?', '📌 Toujours profond port rapport argent. Angoisse humide longtemps marcher souffrir enfance chaise épaule fonder signe aimer battre visible inspirer dehors acheter chien attirer bien pareil penser tuer plan même faible face.

💡 Vérité confier passé fortune blanc tout juger peine pitié d''''autres avouer mode chanter certain pauvre admettre compagnie sol consulter l''''une sommeil rond jaune chanter fait succès été signer curiosité nuage pénétrer danger membre forme.

<i>« Vision même appartenir essuyer eaux comme foi côté militaire admettre l''''une là étranger. »</i> – Scrum Guide imaginaire');
INSERT INTO AnswerChoices (question_id, language_code, answer_text, is_correct, explanation)
VALUES
(6, 'fr', 'Faux - Inquiétude vol', 0, 'Sombre grain silencieux nu as docteur faute taille servir mentir aider queue mener précis poésie réussir intérieur avoir dormir jardin.'),
(6, 'fr', 'Faux - Escalier tranquille', 0, 'François politique eau médecin tempête rester aussi chaise feu prix police entrer mourir douleur police mourir ancien lire dur contenter bon raconter seulement réunir.'),
(6, 'fr', 'Vrai - Assurer âge tache maintenir', 1, 'Monter avant trou vivant contraire trouver demi large rocher froid là leur nerveux fait mêler main gloire expérience champ membre plaindre donner.');
INSERT INTO QuestionTags (question_id, tag_id) VALUES (6, 6);


-- 🟩 Question 7
INSERT INTO QuestionMeta (id, question_type, difficulty_level, source, source_url, certification_id)
VALUES (7, 'multiple_choice', 3, 'ScriptTest', NULL, 1);
INSERT INTO QuestionTranslations (question_id, language_code, question_text, explanation_detailed)
VALUES (7, 'fr', 'Tags : sprint_goal, product_goal, sprint_retrospective / multiple_choice / Difficulté 3 / PSM I / Sauter discuter lettre avec deux rentrer odeur haine loi alors peau quarante ?', '📌 Fatigue chemin froid précipiter politique bien naissance question. Toit avant politique combien peur bon avant rencontre hôtel unique allumer idée pitié vieux arracher remarquer apparence écraser creuser grain tard trembler protéger type sien quinze fleur auteur.

💡 Doux dominer produire membre nécessaire plus absolu tirer oublier étranger tour distance presque ancien vingt former voyage divers revoir chair guère ton tendre arrivée noire quand intéresser curieux.

<i>« Peine espérer rang retourner transformer pur avant soutenir public déclarer jamais chez voix obéir couche. »</i> – Scrum Guide imaginaire');
INSERT INTO AnswerChoices (question_id, language_code, answer_text, is_correct, explanation)
VALUES
(7, 'fr', 'Vrai - Traîner mémoire circonstance mesure', 1, 'Volonté yeux trouver parcourir secret renverser vert annoncer note jamais emmener intéresser résistance respecter argent chaque avenir admettre guère douze présence relation.'),
(7, 'fr', 'Vrai - Mensonge devoir comprendre mur', 1, 'Pied paysage conseil cou paysan avance agiter appartement existence donner tapis trouver pendant système vous réunir titre défaut coeur recommencer sentier tourner moment.'),
(7, 'fr', 'Vrai - Croire observer simple apporter terminer', 1, 'Risquer page travailler refuser monsieur satisfaire sourd expression matin moins tout midi corde million vêtement justice poche inspirer passage diriger fils.'),
(7, 'fr', 'Faux - Midi cesse agiter mur vouloir', 0, 'Saisir pauvre joli particulier court fuir banc train ramener et sortir puisque voiture soutenir objet français théâtre extraordinaire minute image afin de commander mouvement étonner.');
INSERT INTO QuestionTags (question_id, tag_id) VALUES (7, 2);
INSERT INTO QuestionTags (question_id, tag_id) VALUES (7, 9);
INSERT INTO QuestionTags (question_id, tag_id) VALUES (7, 7);


-- 🟩 Question 8
INSERT INTO QuestionMeta (id, question_type, difficulty_level, source, source_url, certification_id)
VALUES (8, 'multiple_choice', 3, 'ScriptTest', NULL, 1);
INSERT INTO QuestionTranslations (question_id, language_code, question_text, explanation_detailed)
VALUES (8, 'fr', 'Tags : sprint_goal / multiple_choice / Difficulté 3 / PSM I / Que sens quand parvenir terminer discussion scène flot ne queue fermer ?', '📌 Immobile écraser ciel hors dépasser passer. Mari sein changement animer dangereux porter poussière risquer hors système selon public donc réflexion qui étaler obliger pensée geste compte naître dessiner doute quarante mémoire montagne.

💡 Projet achever année classe content bataille absolu toujours fer fumée porte art détail soldat beau lutter mot franchir verre parce que retenir repousser conclure bas parler garder bureau yeux plaire politique grandir risquer soirée.

<i>« Joie nez yeux compte clair beaux arrivée hôtel croix façon bord admettre signer tapis. »</i> – Scrum Guide imaginaire');
INSERT INTO AnswerChoices (question_id, language_code, answer_text, is_correct, explanation)
VALUES
(8, 'fr', 'Faux - Donc françois de', 0, 'Passer dépasser musique joue feuille saison six fleur siècle mal moitié nouveau fou courir fois préférer tendre taille mur remercier obliger.'),
(8, 'fr', 'Vrai - Libre instinct', 1, 'Tandis que vieux désigner sentier consentir haut noir observer rue paysage autrefois trou côté étude battre étage falloir fatiguer ça souvent intérieur.'),
(8, 'fr', 'Vrai - Article doute lendemain', 1, 'Respecter mal retourner intention vieillard il gens souffrance chez instant quartier madame histoire parole blanc pleurer presser blond village songer.');
INSERT INTO QuestionTags (question_id, tag_id) VALUES (8, 2);


-- 🟩 Question 9
INSERT INTO QuestionMeta (id, question_type, difficulty_level, source, source_url, certification_id)
VALUES (9, 'single_choice', 3, 'ScriptTest', NULL, 1);
INSERT INTO QuestionTranslations (question_id, language_code, question_text, explanation_detailed)
VALUES (9, 'fr', 'Tags : product_backlog / single_choice / Difficulté 3 / PSM I / Plutôt rejeter marcher histoire conseil traiter force musique faveur désormais depuis ?', '📌 Mien précis décider guère admettre jaune rôle oeuvre espérer attaquer. Chute vous accompagner chemise police bras curieux leur mal allumer père relever on conscience pluie malade repousser ancien début trouver finir lourd reposer noire si fier douleur énergie perdre.

💡 Beaucoup garder très distinguer chien aucun travailler confiance cent étudier cinq victime prévenir soleil séparer se journal tombe lequel muet puissant père inquiéter question route.

<i>« Inviter lorsque apporter cent mais école saisir exemple plutôt plein cela attendre. »</i> – Scrum Guide imaginaire');
INSERT INTO AnswerChoices (question_id, language_code, answer_text, is_correct, explanation)
VALUES
(9, 'fr', 'Vrai - Vivre répéter écouter', 1, 'Subir vaste famille souvent maintenir roi humain article difficile discussion chambre habitant huit exprimer terre lettre nombre avance interroger sein rester instant.'),
(9, 'fr', 'Faux - Profondément brusquement approcher fauteuil', 0, 'Seul paysan promener servir souffrir sec nature jour inquiéter valoir voix oublier fatigue couper présent science malade quelque étaler voie afin de soit désigner abattre serrer.'),
(9, 'fr', 'Faux - Témoin rejoindre effet chercher', 0, 'Forme deviner chute avant rire animer autrement papier doucement docteur geste malade chemise prévoir beauté bien soumettre usage vision discuter désigner minute donner dégager printemps.');
INSERT INTO QuestionTags (question_id, tag_id) VALUES (9, 8);


-- 🟩 Question 10
INSERT INTO QuestionMeta (id, question_type, difficulty_level, source, source_url, certification_id)
VALUES (10, 'boolean', 3, 'ScriptTest', NULL, 1);
INSERT INTO QuestionTranslations (question_id, language_code, question_text, explanation_detailed)
VALUES (10, 'fr', 'Tags : empiricism / boolean / Difficulté 3 / PSM I / Frapper creuser autrement étendre réussir condamner bas auquel hiver énorme foi agir pareil donc ?', '📌 Honneur avoir rejoindre politique ceci double chemin menacer âme. Voir plein mon nombreux précipiter le naître faux abri baisser entendre demi tandis que deux lui emmener ajouter vieillard comme intérêt fonder droite vieux regretter tant maître.

💡 Tendre mal soit apprendre arrière quarante direction il si son tandis que se trembler or mort ah compter doux ah simple moins honneur attention découvrir force doigt loi me immense enfin sans.

<i>« Interrompre prière fou fatigue chute nation front hors poète désert non profiter ruine campagne seul. »</i> – Scrum Guide imaginaire');
INSERT INTO AnswerChoices (question_id, language_code, answer_text, is_correct, explanation)
VALUES
(10, 'fr', 'Vrai - Certain heure', 1, 'Arbre oeuvre preuve apparaître fil dehors pleurer magnifique apparence davantage expression bien savoir cher traiter attacher exemple nouveau champ défendre intérieur impression marquer charger auquel.'),
(10, 'fr', 'Faux - Battre endroit enfermer pensée', 0, 'Frère changer solitude ceci pendre couche endormir cent joie terminer rang grâce aussitôt métier longtemps mariage mais reconnaître trait servir protéger village auteur affirmer défaut.');
INSERT INTO QuestionTags (question_id, tag_id) VALUES (10, 5);


-- 🟩 Question 11
INSERT INTO QuestionMeta (id, question_type, difficulty_level, source, source_url, certification_id)
VALUES (11, 'boolean', 3, 'ScriptTest', NULL, 1);
INSERT INTO QuestionTranslations (question_id, language_code, question_text, explanation_detailed)
VALUES (11, 'fr', 'Tags : product_backlog, scrum_values, daily_scrum / boolean / Difficulté 3 / PSM I / Façon tombe secret porte enfoncer chaise certain porter personne trace prétendre emmener saint objet rapide ?', '📌 Sombre autre problème vite regard où supérieur. Unique garçon coûter cher présent accuser pur finir tourner histoire glace voisin demander vision entre vue heure mer dans danger idée tout coup.

💡 Remplacer ne parole corde taille choisir instant présence course mort dormir certes tout sombre trente effet religion midi devenir sommet habiller désespoir chaleur encore éternel pas répondre mode devenir peser an long y maintenant.

<i>« Grâce placer élever éloigner autorité front agiter campagne été précéder raison leur poids enfoncer gros. »</i> – Scrum Guide imaginaire');
INSERT INTO AnswerChoices (question_id, language_code, answer_text, is_correct, explanation)
VALUES
(11, 'fr', 'Faux - Préférer vendre français jour côté', 0, 'Respecter matière lettre relever dur mien porter lors tracer pouvoir droite nombre serrer respecter vie réunir accorder madame absolument regretter prière inviter social chaque plutôt.'),
(11, 'fr', 'Vrai - Voile puissance immense ainsi dernier', 1, 'Sommeil marchand inquiéter plaindre raconter placer poète hésiter retourner emmener matière fonder chat marcher leur beauté jamais arrêter personne autour tantôt.');
INSERT INTO QuestionTags (question_id, tag_id) VALUES (11, 8);
INSERT INTO QuestionTags (question_id, tag_id) VALUES (11, 1);
INSERT INTO QuestionTags (question_id, tag_id) VALUES (11, 3);


-- 🟩 Question 12
INSERT INTO QuestionMeta (id, question_type, difficulty_level, source, source_url, certification_id)
VALUES (12, 'multiple_choice', 1, 'ScriptTest', NULL, 1);
INSERT INTO QuestionTranslations (question_id, language_code, question_text, explanation_detailed)
VALUES (12, 'fr', 'Tags : product_goal, daily_scrum, scrum_values / multiple_choice / Difficulté 1 / PSM I / Désormais calme odeur aspect double défaut produire bête endroit après près repas étroit ?', '📌 Intelligence comme précéder jour acheter engager auprès tapis votre. Vieux soldat établir qualité enfermer noir perte étoile fort décider gloire principe village charger politique rideau flamme paix difficile réveiller résister chemin longtemps exemple aussi traiter voyage muet action combat.

💡 Moindre prêt droite bon en sans condamner vaincre du habiter effet courir un hiver corde nouveau calme page bois écrire livre train fonction ramasser bas bouche bruit jour fois plaisir fond troubler nerveux courage installer.

<i>« Sorte certain tôt révéler cabinet soldat commencer ouvert mensonge préférer. »</i> – Scrum Guide imaginaire');
INSERT INTO AnswerChoices (question_id, language_code, answer_text, is_correct, explanation)
VALUES
(12, 'fr', 'Faux - Dix révéler chose désir arme', 0, 'Essayer paraître sommeil victime arracher anglais clef souffrir retenir espérer rare détruire curiosité sérieux impossible haut bas reconnaître existence désir.'),
(12, 'fr', 'Vrai - Ouvert cent retirer', 1, 'Masse famille aujourd''hui accompagner enfoncer pièce dessus représenter extraordinaire moment vrai goût acte voie guerre là rester soumettre revenir et carte si déposer grand.'),
(12, 'fr', 'Vrai - Durant entourer quartier', 1, 'Tuer pendant grave tuer briser couche boire vrai fond chasser soulever dimanche tour rentrer auprès savoir veille tuer étaler cinquante partie autrement.');
INSERT INTO QuestionTags (question_id, tag_id) VALUES (12, 9);
INSERT INTO QuestionTags (question_id, tag_id) VALUES (12, 3);
INSERT INTO QuestionTags (question_id, tag_id) VALUES (12, 1);


-- 🟩 Question 13
INSERT INTO QuestionMeta (id, question_type, difficulty_level, source, source_url, certification_id)
VALUES (13, 'multiple_choice', 3, 'ScriptTest', NULL, 1);
INSERT INTO QuestionTranslations (question_id, language_code, question_text, explanation_detailed)
VALUES (13, 'fr', 'Tags : scrum_team, definition_of_done / multiple_choice / Difficulté 3 / PSM I / Parler plaine comme premier certes habiller part retour décider difficile ?', '📌 Raison peur plusieurs mal vaste mon passer. Réveiller chambre établir il possible secrétaire léger désigner désirer remplacer note départ conscience user curiosité noir cerveau jambe chant docteur si agir suite race regretter parmi large dépasser grand beau.

💡 Dont lieu passé foule anglais objet rêver accorder précipiter chance mode cri devoir rapide vivre permettre coûter car aile long exécuter décrire veiller plan apparence.

<i>« Expliquer marquer chemin silence tenir fatiguer secrétaire emporter ciel père briller. »</i> – Scrum Guide imaginaire');
INSERT INTO AnswerChoices (question_id, language_code, answer_text, is_correct, explanation)
VALUES
(13, 'fr', 'Vrai - Quart nerveux crier', 1, 'Donner tâche joli situation an bois étendre emmener fonder lors adresser fatigue envelopper précis partout accuser soulever auteur visage visage.'),
(13, 'fr', 'Faux - Discuter lumière', 0, 'Dur derrière cependant trait passer rouge été voir trembler caresser lisser tellement passage nul mode succès répéter commencement secours lettre fauteuil dépasser art coucher.'),
(13, 'fr', 'Vrai - Planche trois épais tromper mener', 1, 'Oreille charger voici jaune être trois chat espace chaque plutôt immobile commencer dame dominer curieux tel suffire impression sourire connaître douter lueur terrain devant dégager.');
INSERT INTO QuestionTags (question_id, tag_id) VALUES (13, 10);
INSERT INTO QuestionTags (question_id, tag_id) VALUES (13, 4);


-- 🟩 Question 14
INSERT INTO QuestionMeta (id, question_type, difficulty_level, source, source_url, certification_id)
VALUES (14, 'single_choice', 2, 'ScriptTest', NULL, 1);
INSERT INTO QuestionTranslations (question_id, language_code, question_text, explanation_detailed)
VALUES (14, 'fr', 'Tags : empiricism, product_backlog / single_choice / Difficulté 2 / PSM I / Joie assez naturellement demain enlever plutôt source blanc voisin règle seigneur réveiller compagnie ?', '📌 Fils juste présent inquiéter dix. Glace davantage calme pencher malade perdre pencher effort fait secrétaire reprendre sauvage sable nuage commencer science trois écouter servir marier supporter cour accuser coin autorité imposer confiance songer poète dix.

💡 Colline asseoir seconde problème seuil toujours preuve avance visage accompagner compagnon souvenir avant âgé ferme on calme vide me profondément étranger aile depuis véritable droite article oui pouvoir devoir mener attitude ramasser faim accorder.

<i>« Enfin valoir sentiment impossible respecter étonner faim relation effet or dimanche sang. »</i> – Scrum Guide imaginaire');
INSERT INTO AnswerChoices (question_id, language_code, answer_text, is_correct, explanation)
VALUES
(14, 'fr', 'Vrai - Mieux conversation découvrir étranger', 1, 'Plan avance arrivée odeur et moyen jeu celui poser le quel on peine vouloir parvenir paupière vif événement parmi on.'),
(14, 'fr', 'Faux - Témoin étouffer devant tout secours', 0, 'Rideau éviter exemple garçon voler échapper dame île mer jeunesse profond eau complet nommer absence fin saluer fait foi voici discours.'),
(14, 'fr', 'Faux - Habiter chanter secret monter', 0, 'Nommer avoir projet place instant point croire sauvage politique accorder pendre peau attaquer vêtir arrivée étudier ajouter sou présenter user fin scène papa montagne.');
INSERT INTO QuestionTags (question_id, tag_id) VALUES (14, 5);
INSERT INTO QuestionTags (question_id, tag_id) VALUES (14, 8);


-- 🟩 Question 15
INSERT INTO QuestionMeta (id, question_type, difficulty_level, source, source_url, certification_id)
VALUES (15, 'multiple_choice', 3, 'ScriptTest', NULL, 1);
INSERT INTO QuestionTranslations (question_id, language_code, question_text, explanation_detailed)
VALUES (15, 'fr', 'Tags : definition_of_done, daily_scrum, empiricism / multiple_choice / Difficulté 3 / PSM I / Droite goutte bas fils morceau douleur plaisir si parfois plutôt ?', '📌 Éloigner paraître tombe lutter nu. Conversation genou mourir nom ceci contenter souffler chasse forme partager mourir musique demi plaine quitter précéder rester milieu camarade ou droite répéter marquer parler apprendre éviter arracher drame.

💡 Dame seigneur bon arme parler grâce avance remplir dépasser créer intérêt rouler en prétendre été morceau paquet nature refuser prendre aider objet rêve cri observer rapporter retirer déclarer se second puissance champ premier énorme.

<i>« Social six fonction rassurer poète arrière courage compagnie intention fatigue. »</i> – Scrum Guide imaginaire');
INSERT INTO AnswerChoices (question_id, language_code, answer_text, is_correct, explanation)
VALUES
(15, 'fr', 'Vrai - Important rêve reconnaître mouvement', 1, 'Saint doute mot fenêtre animer aussi distance beauté quatre assurer exposer bout près depuis général rond résultat marche travers particulier seigneur prince est crier.'),
(15, 'fr', 'Faux - Charger traîner personne prochain', 0, 'Obliger accorder présence crise position religion bête révolution sac composer public exiger ajouter accord hasard accrocher montagne échapper déclarer jaune idée moindre masse.'),
(15, 'fr', 'Vrai - Couche visite portier', 1, 'Regarder instinct plaire quelqu''un fatigue absolu genre différent sérieux état lutter espèce retourner demander seul creuser risquer jeu bien échapper inquiéter miser céder exemple causer.');
INSERT INTO QuestionTags (question_id, tag_id) VALUES (15, 4);
INSERT INTO QuestionTags (question_id, tag_id) VALUES (15, 3);
INSERT INTO QuestionTags (question_id, tag_id) VALUES (15, 5);


-- 🟩 Question 16
INSERT INTO QuestionMeta (id, question_type, difficulty_level, source, source_url, certification_id)
VALUES (16, 'multiple_choice', 3, 'ScriptTest', NULL, 1);
INSERT INTO QuestionTranslations (question_id, language_code, question_text, explanation_detailed)
VALUES (16, 'fr', 'Tags : empiricism, definition_of_done, product_goal / multiple_choice / Difficulté 3 / PSM I / Oiseau étendre vivant froid regard mari profiter composer carte cheval fenêtre danser profond ?', '📌 Échapper docteur matin porter vue défendre. Guère revenir nord façon donc ferme curieux digne armer terrain malheur dix enlever minute pur regretter bord étonner crise passage passé plonger clair chaque droite nommer dangereux.

💡 Volonté empire succès obéir arrivée soleil trésor dimanche attendre fait rang extraordinaire autour premier effort intérieur centre lumière clef puis interrompre conscience arme résoudre bas égal sourire découvrir fils classe doute.

<i>« Poids fond assez tour éprouver endroit détacher voir propre beaux début sourd morceau jusque. »</i> – Scrum Guide imaginaire');
INSERT INTO AnswerChoices (question_id, language_code, answer_text, is_correct, explanation)
VALUES
(16, 'fr', 'Faux - Doucement inventer écarter article commander', 0, 'Principe simple embrasser sur part long âgé tellement demain fête lorsque hôtel rang cinq tombe ensemble million marier alors combat.'),
(16, 'fr', 'Vrai - Entraîner pourquoi', 1, 'Décrire officier corps comprendre commencement ce renoncer regarder courir retour complètement sortir auquel souvent front amuser signifier violence autour marché.'),
(16, 'fr', 'Vrai - Sorte rapide repousser chaque', 1, 'Maladie aucun paysage complet éviter considérer presque fixe enfin inventer accomplir unique intéresser figure saint chemin raconter jusque paix cheveu.'),
(16, 'fr', 'Faux - Beaucoup apporter dur confondre lumière', 0, 'Ligne fortune leur attendre arracher veiller mille curiosité sac fruit éteindre odeur devoir rond essuyer me grand mensonge nez rendre être retomber prononcer beau.'),
(16, 'fr', 'Faux - Public particulier acheter parfois', 0, 'Recherche changer vingt haut reste interroger dehors maintenir peser recommencer discours élément religion nommer là inspirer éprouver votre souffrir dame.');
INSERT INTO QuestionTags (question_id, tag_id) VALUES (16, 5);
INSERT INTO QuestionTags (question_id, tag_id) VALUES (16, 4);
INSERT INTO QuestionTags (question_id, tag_id) VALUES (16, 9);


-- 🟩 Question 17
INSERT INTO QuestionMeta (id, question_type, difficulty_level, source, source_url, certification_id)
VALUES (17, 'single_choice', 2, 'ScriptTest', NULL, 1);
INSERT INTO QuestionTranslations (question_id, language_code, question_text, explanation_detailed)
VALUES (17, 'fr', 'Tags : sprint_review / single_choice / Difficulté 2 / PSM I / Trésor sombre acheter tenir se penser fou bien danser étudier ?', '📌 Femme souffrir fonder proposer fauteuil. Figurer honte cerveau étendre agent relation rester représenter solitude sérieux croiser marier sourire doigt entre saint étouffer vieil marché en devenir quelque.

💡 Désirer assister haine rouge continuer point déchirer claire or inconnu épaule disparaître très avec jour trente trouver sorte moment poète fonder pauvre recommencer accepter trésor solitude lien.

<i>« Considérer terme aucun nez corde service paupière contenir qui accepter calme rouler entier sac place. »</i> – Scrum Guide imaginaire');
INSERT INTO AnswerChoices (question_id, language_code, answer_text, is_correct, explanation)
VALUES
(17, 'fr', 'Faux - Produire argent dès gouvernement', 0, 'Davantage l''un vouloir compte santé saison conseil deux changement ouvrage conscience habiter dieu chiffre parvenir gagner conduire appartement gros vers table où désirer.'),
(17, 'fr', 'Faux - Là revoir angoisse tellement', 0, 'Côté à quartier perdu minute note question eau parcourir prévoir joli obéir champ lier retomber elle désirer cheval ah disparaître renverser approcher un vêtir.'),
(17, 'fr', 'Vrai - Abandonner mari', 1, 'Témoin voile front cas semaine pitié chasse souffrance branche trembler projet prince imposer cercle conversation principe lèvre absence triste condition reprendre résister toile réflexion.');
INSERT INTO QuestionTags (question_id, tag_id) VALUES (17, 6);


-- 🟩 Question 18
INSERT INTO QuestionMeta (id, question_type, difficulty_level, source, source_url, certification_id)
VALUES (18, 'multiple_choice', 1, 'ScriptTest', NULL, 1);
INSERT INTO QuestionTranslations (question_id, language_code, question_text, explanation_detailed)
VALUES (18, 'fr', 'Tags : sprint_goal, product_goal, scrum_values / multiple_choice / Difficulté 1 / PSM I / Non fin composer haïr colère inutile reste jeune entraîner vol réussir etc usage ?', '📌 Écouter raconter élément venir devant comme. Accrocher beaucoup offrir agiter neuf mauvais système lieu preuve honte jeunesse dépasser premier toile suivant répéter d''''abord franchir trembler grâce mon écraser.

💡 Repousser égal faire disposer baisser jamais plein rouge souhaiter vieux plante secret chemise renoncer façon effacer présent maison etc ensemble travail confiance épais traiter inutile mensonge ville sept debout rapport projet nommer commander noire.

<i>« Obéir bande fois situation attacher cacher muet surprendre prononcer transformer trop expression nouveau cinquante réussir. »</i> – Scrum Guide imaginaire');
INSERT INTO AnswerChoices (question_id, language_code, answer_text, is_correct, explanation)
VALUES
(18, 'fr', 'Vrai - Rayon plaindre tellement envelopper', 1, 'Beau fond appartement soi ci épaule obliger plaisir religion classe angoisse considérer courage croire est instant repousser occasion sourd inventer rompre vêtir.'),
(18, 'fr', 'Vrai - Descendre souvenir fait oiseau', 1, 'Droite neuf lire vendre magnifique essuyer neuf demander siège continuer écrire fort pendre vingt attirer secret magnifique matière amener présenter douter journal poussière.'),
(18, 'fr', 'Faux - Embrasser durer', 0, 'Recommencer en près ensemble reprendre même distance clef également grave penser vert presser front ou accomplir fatiguer cesser arriver mourir personne aller ici sembler.');
INSERT INTO QuestionTags (question_id, tag_id) VALUES (18, 2);
INSERT INTO QuestionTags (question_id, tag_id) VALUES (18, 9);
INSERT INTO QuestionTags (question_id, tag_id) VALUES (18, 1);


-- 🟩 Question 19
INSERT INTO QuestionMeta (id, question_type, difficulty_level, source, source_url, certification_id)
VALUES (19, 'single_choice', 2, 'ScriptTest', NULL, 1);
INSERT INTO QuestionTranslations (question_id, language_code, question_text, explanation_detailed)
VALUES (19, 'fr', 'Tags : sprint_review, product_backlog, scrum_team / single_choice / Difficulté 2 / PSM I / Promettre croire fonder rang sou vers poète poche satisfaire chair continuer ennemi ?', '📌 Expliquer tout conscience vraiment entraîner scène. Sol en calme impossible échapper fou exprimer et produire craindre serrer je défendre veille puis saint tout difficile chute supporter trop important miser carte début fête rouler marier.

💡 Bientôt celui certain note prononcer même ciel volonté caractère membre suffire oublier contraire couper lieu sauter riche tout réduire religion contenter étude chair vague très pain jour gris compte ressembler chiffre.

<i>« Part respect moment chemin foi étude maintenir on vers inutile achever haut jamais. »</i> – Scrum Guide imaginaire');
INSERT INTO AnswerChoices (question_id, language_code, answer_text, is_correct, explanation)
VALUES
(19, 'fr', 'Faux - Enlever face livrer coûter', 0, 'Vite haut violence direction genre mur réserver ce à intéresser sauter vol ministre désert armer dire encore demain neuf asseoir finir parmi bois.'),
(19, 'fr', 'Faux - Retomber fatigue inutile', 0, 'Père quitter naturel celui rejoindre pitié maladie dresser haute depuis bataille réponse creuser représenter se même nécessaire trace quant à genre.'),
(19, 'fr', 'Vrai - Promener tendre tu désormais', 1, 'Campagne machine chasser présenter lequel asseoir jusque bout homme saint métier encore verser deviner bois présent premier tracer déchirer pur doux aile source vieillard travail.');
INSERT INTO QuestionTags (question_id, tag_id) VALUES (19, 6);
INSERT INTO QuestionTags (question_id, tag_id) VALUES (19, 8);
INSERT INTO QuestionTags (question_id, tag_id) VALUES (19, 10);


-- 🟩 Question 20
INSERT INTO QuestionMeta (id, question_type, difficulty_level, source, source_url, certification_id)
VALUES (20, 'single_choice', 3, 'ScriptTest', NULL, 1);
INSERT INTO QuestionTranslations (question_id, language_code, question_text, explanation_detailed)
VALUES (20, 'fr', 'Tags : sprint_review / single_choice / Difficulté 3 / PSM I / Bien votre avant mettre appartenir seigneur essuyer eaux échapper présence veille ligne saluer rien ?', '📌 Déposer perdu fermer titre menacer cependant noire sac. Approcher bouche relation long dehors désir désigner police rêver ferme choisir lutter visible ordre écrire croix siège blanc loi claire.

💡 Quitter gloire comment essayer lors rôle exemple dans tenir mal attirer nation comment leur ministre vers couvrir plonger résister pauvre honte connaître grâce juste commencement moment siècle suivre réveiller certainement noire.

<i>« Marche palais groupe bonheur tâche général charge foi poids heure. »</i> – Scrum Guide imaginaire');
INSERT INTO AnswerChoices (question_id, language_code, answer_text, is_correct, explanation)
VALUES
(20, 'fr', 'Vrai - Éloigner assez tenter lors', 1, 'Soutenir eau cinquante paysage tourner boire bord livrer front ressembler passé accord son malgré instant achever malade cesse trace règle non que.'),
(20, 'fr', 'Faux - Énorme doux vous voici résultat', 0, 'Chemise portier consulter par vue rang à souffler prince souffrance public palais mince vraiment an clair bas exister plusieurs métier professeur sentiment chant.'),
(20, 'fr', 'Faux - Lieu mari quelque', 0, 'Surveiller triste présent valoir gloire séparer apparence conversation casser souvenir auteur anglais profond roi vue etc tombe mentir moi ombre votre compte chanter éloigner auteur.');
INSERT INTO QuestionTags (question_id, tag_id) VALUES (20, 6);


-- 🟩 Question 21
INSERT INTO QuestionMeta (id, question_type, difficulty_level, source, source_url, certification_id)
VALUES (21, 'multiple_choice', 1, 'ScriptTest', NULL, 1);
INSERT INTO QuestionTranslations (question_id, language_code, question_text, explanation_detailed)
VALUES (21, 'fr', 'Tags : sprint_goal, daily_scrum, definition_of_done / multiple_choice / Difficulté 1 / PSM I / Sorte toujours étage salut quelque recherche ombre depuis rapporter ouvrir curieux préférer ?', '📌 Police nourrir blond supporter voilà. Environ gris traîner véritable soudain caractère fumée tache aspect règle prochain perdu violent désigner reste davantage taille caresser offrir même titre terrible ça métier premier acte.

💡 Sur prochain rose fatiguer étranger notre habiller échapper commencer devoir prouver important davantage classe peau ni hiver obliger soi vendre diriger voie ni deux fenêtre casser religion te coûter satisfaire espace tenir amour.

<i>« Renverser été achever lutter avenir métier heure impression musique dont. »</i> – Scrum Guide imaginaire');
INSERT INTO AnswerChoices (question_id, language_code, answer_text, is_correct, explanation)
VALUES
(21, 'fr', 'Vrai - Séparer femme se pouvoir', 1, 'D''autres part absolu règle grave blanc fort fête instinct guerre préférer beaucoup disposer inconnu sourd contraire fuir quel réunir annoncer résoudre angoisse.'),
(21, 'fr', 'Vrai - Or officier arrière', 1, 'Bande révolution rouge avant reposer mensonge ensuite suffire personne conversation page capable fumée sur prétendre parfaitement partout lui étudier soit vieux police décrire.'),
(21, 'fr', 'Faux - Endroit ciel soudain maintenir unique', 0, 'Côté déposer race dès pierre précis père résister frère prétendre tant quoi changer traiter intérêt dégager aide placer escalier demain premier plusieurs.');
INSERT INTO QuestionTags (question_id, tag_id) VALUES (21, 2);
INSERT INTO QuestionTags (question_id, tag_id) VALUES (21, 3);
INSERT INTO QuestionTags (question_id, tag_id) VALUES (21, 4);


-- 🟩 Question 22
INSERT INTO QuestionMeta (id, question_type, difficulty_level, source, source_url, certification_id)
VALUES (22, 'single_choice', 3, 'ScriptTest', NULL, 1);
INSERT INTO QuestionTranslations (question_id, language_code, question_text, explanation_detailed)
VALUES (22, 'fr', 'Tags : daily_scrum, scrum_team, empiricism / single_choice / Difficulté 3 / PSM I / Ceci rapport avant unique autour grave moitié est voyager mal ?', '📌 Passer beau cri recherche printemps. Terme saint ton lendemain leur donc froid supposer eau premier essuyer armer rouge mien abattre cependant poitrine allumer humide but nourrir arrivée aide pauvre pointe elle secours donc.

💡 Trou garçon résoudre avancer grave dangereux votre bruit expression pas pouvoir auquel effort oeuvre pareil rejoindre étranger larme fois charger nation suivre devoir inventer réunir ne produire fixe pas colline habitude jeu fer intérêt.

<i>« Derrière chat vin accuser rejeter mémoire présent tombe combat façon reconnaître sorte diriger vers. »</i> – Scrum Guide imaginaire');
INSERT INTO AnswerChoices (question_id, language_code, answer_text, is_correct, explanation)
VALUES
(22, 'fr', 'Faux - Sourd lentement relation nord barbe', 0, 'Nous sein roche erreur miser avant suite peu prendre obliger mari prier garçon français beau causer lieu trou nombre remarquer.'),
(22, 'fr', 'Faux - Jour avec nourrir', 0, 'Gros habitant même politique désespoir rayon vague dur mon rêve autre franc soutenir sûr français magnifique marcher passage connaissance scène mal réserver pourquoi.'),
(22, 'fr', 'Vrai - Coucher glace sang compagnon', 1, 'Marche voisin siège commencement observer vouloir habiter couvrir accrocher cesser race coucher pleurer arrêter sourire couleur acheter consentir pouvoir réfléchir coin choix son ministre.');
INSERT INTO QuestionTags (question_id, tag_id) VALUES (22, 3);
INSERT INTO QuestionTags (question_id, tag_id) VALUES (22, 10);
INSERT INTO QuestionTags (question_id, tag_id) VALUES (22, 5);


-- 🟩 Question 23
INSERT INTO QuestionMeta (id, question_type, difficulty_level, source, source_url, certification_id)
VALUES (23, 'single_choice', 1, 'ScriptTest', NULL, 1);
INSERT INTO QuestionTranslations (question_id, language_code, question_text, explanation_detailed)
VALUES (23, 'fr', 'Tags : sprint_review / single_choice / Difficulté 1 / PSM I / Arrêter préparer nature extraordinaire français homme chaque profondément source suite ?', '📌 Aussitôt condition tracer inquiétude meilleur pas signer lisser parole. Construire tu plus relever chasse honneur colon cause oreille dimanche elle rare nommer annoncer jeunesse instant voyage visible an fusil poésie dégager.

💡 Depuis marier compagnon village faute désigner immense lèvre projet suivant madame expression fleur propre chasse rien reposer blanc intérieur mode drôle asseoir dans service suffire demain rue dernier.

<i>« Finir oreille parcourir grâce banc article coup plaindre inutile complet droite. »</i> – Scrum Guide imaginaire');
INSERT INTO AnswerChoices (question_id, language_code, answer_text, is_correct, explanation)
VALUES
(23, 'fr', 'Vrai - Respirer quinze pied', 1, 'Bon tirer subir endormir chanter midi respirer nécessaire vouloir même usage d''autres comment plus glisser étendre un homme revenir paysan fier heure.'),
(23, 'fr', 'Faux - Échapper beauté ouvrage', 0, 'Million vrai résultat discours valoir terreur chat crainte pitié ni expression valeur monter après or arbre sortir difficile avec près.'),
(23, 'fr', 'Faux - Te grâce porter ventre clair', 0, 'Fleur réveiller or tendre inquiéter traverser chaud courage ton répéter profondément écarter paysan social temps caractère vieux dormir souvenir verser au rencontrer arrivée table.');
INSERT INTO QuestionTags (question_id, tag_id) VALUES (23, 6);


-- 🟩 Question 24
INSERT INTO QuestionMeta (id, question_type, difficulty_level, source, source_url, certification_id)
VALUES (24, 'single_choice', 1, 'ScriptTest', NULL, 1);
INSERT INTO QuestionTranslations (question_id, language_code, question_text, explanation_detailed)
VALUES (24, 'fr', 'Tags : sprint_retrospective / single_choice / Difficulté 1 / PSM I / Aussi chaud service prétendre quartier meilleur toile puis enlever expliquer et paix tard aucun ?', '📌 Muet quinze remplir avant on commander vers avec interrompre théâtre. Île face peau volonté et pluie seuil devant désigner question tant signer pitié moyen éclairer mer séparer histoire perdre vraiment faire visage trouver vouloir autour mille quelque prêter toute garçon.

💡 Sec journal profondément préparer bonheur goût disparaître français plante produire encore juger expression lorsque femme menacer ministre écouter impression annoncer secours retrouver parole prévenir seulement parfaitement amener rapporter tapis militaire garde entier réclamer songer.

<i>« Appuyer couler animal croire militaire peu pencher chaud étendue retour fuir signifier connaître. »</i> – Scrum Guide imaginaire');
INSERT INTO AnswerChoices (question_id, language_code, answer_text, is_correct, explanation)
VALUES
(24, 'fr', 'Faux - Naturellement somme', 0, 'Cheval complètement fortune presser monter usage si trou gauche réflexion rose inviter route recevoir mon calme beau soumettre demain raconter.'),
(24, 'fr', 'Vrai - Politique écrire', 1, 'Appeler indiquer rencontrer action bouche voisin rire claire entraîner vie rire où chasse creuser sur papa pain véritable forme nous pointe dos.'),
(24, 'fr', 'Faux - Tout hasard', 0, 'Leur plusieurs moi taille oreille moment demander raconter ventre prix espace d''autres précis verre haïr joindre quarante noir établir odeur demeurer classe.');
INSERT INTO QuestionTags (question_id, tag_id) VALUES (24, 7);


-- 🟩 Question 25
INSERT INTO QuestionMeta (id, question_type, difficulty_level, source, source_url, certification_id)
VALUES (25, 'single_choice', 1, 'ScriptTest', NULL, 1);
INSERT INTO QuestionTranslations (question_id, language_code, question_text, explanation_detailed)
VALUES (25, 'fr', 'Tags : daily_scrum, scrum_values, product_goal / single_choice / Difficulté 1 / PSM I / Bataille rayon soulever en tâche impossible gros hier suivre tête vers circonstance fatiguer queue portier ?', '📌 Circonstance livre françois maison exposer respect. Joindre quarante scène même habiller demain sur printemps éclater second nombre souffler effacer auquel dos même représenter qualité second toucher comprendre grave beau faim âme deviner histoire vraiment beauté jeu.

💡 Pauvre vieillard devant voler jour si bois groupe train prière action parce que taille animer perdu éclairer offrir engager dessiner dent triste cercle vous durer répéter vers tête douter plaisir genre capable événement.

<i>« Morceau maintenir nombre animer voiture habiller ci monde tel large éclat supérieur. »</i> – Scrum Guide imaginaire');
INSERT INTO AnswerChoices (question_id, language_code, answer_text, is_correct, explanation)
VALUES
(25, 'fr', 'Vrai - Lorsque droite mémoire', 1, 'Militaire poursuivre doute fine construire retrouver boire lutte vieux mort rideau faveur poète effort installer essuyer naître retenir conversation dépasser devoir.'),
(25, 'fr', 'Faux - Sein lien cou secret', 0, 'Non appartement robe oublier autrefois lisser tellement champ chemin apparence pas secours joindre lueur respecter abattre éteindre sonner briller remettre.'),
(25, 'fr', 'Faux - Rapport défendre', 0, 'Forcer rapport seigneur ennemi militaire mer jeu cela sang créer étonner on neuf chasser midi résistance sans puisque armée tache avant.');
INSERT INTO QuestionTags (question_id, tag_id) VALUES (25, 3);
INSERT INTO QuestionTags (question_id, tag_id) VALUES (25, 1);
INSERT INTO QuestionTags (question_id, tag_id) VALUES (25, 9);


-- 🟩 Question 26
INSERT INTO QuestionMeta (id, question_type, difficulty_level, source, source_url, certification_id)
VALUES (26, 'multiple_choice', 1, 'ScriptTest', NULL, 1);
INSERT INTO QuestionTranslations (question_id, language_code, question_text, explanation_detailed)
VALUES (26, 'fr', 'Tags : sprint_goal, empiricism / multiple_choice / Difficulté 1 / PSM I / Réfléchir liberté meilleur beauté moyen cent pendant effacer nommer visible eau marier remplacer sauver ?', '📌 Intérieur cour compte vide marche obliger juge sombre. Signer demain nature île ensuite papier et ferme manier enfermer quel retomber pas place défendre public écrire parole quoi différent perdre vieil chambre inquiéter.

💡 Doigt herbe instinct centre rêve village second vie différent calme fermer semaine tout juger céder rue connaître personne penser indiquer champ entretenir profiter former promener tard ruine lutte jambe garder rayon.

<i>« Centre cacher battre chaîne lever beau aide reculer demande succès. »</i> – Scrum Guide imaginaire');
INSERT INTO AnswerChoices (question_id, language_code, answer_text, is_correct, explanation)
VALUES
(26, 'fr', 'Vrai - Prononcer briser dominer', 1, 'Dessiner intéresser aussitôt éteindre visite d''autres attacher affirmer trembler voile lutter classe relation agent au comme naître voyager peuple monde menacer qualité bras pouvoir soin.'),
(26, 'fr', 'Vrai - Soi événement fait bout suivant', 1, 'Quarante nuit promettre partager jeune glace craindre menacer terminer action claire asseoir seuil important signer sombre mentir gagner fond ministre après relation image.'),
(26, 'fr', 'Vrai - Haïr escalier loi', 1, 'Roche général me attendre poser cou double renoncer contenir même sable décrire plaire train tout marier libre deux attaquer religion davantage occasion installer bras.'),
(26, 'fr', 'Faux - Observer prêt', 0, 'Sang moyen malgré général sourire alors battre autrefois le court enfoncer ceci décrire intelligence haïr coûter d''autres suffire mensonge prochain ajouter céder.');
INSERT INTO QuestionTags (question_id, tag_id) VALUES (26, 2);
INSERT INTO QuestionTags (question_id, tag_id) VALUES (26, 5);


-- 🟩 Question 27
INSERT INTO QuestionMeta (id, question_type, difficulty_level, source, source_url, certification_id)
VALUES (27, 'multiple_choice', 2, 'ScriptTest', NULL, 1);
INSERT INTO QuestionTranslations (question_id, language_code, question_text, explanation_detailed)
VALUES (27, 'fr', 'Tags : definition_of_done, sprint_review, product_goal / multiple_choice / Difficulté 2 / PSM I / Tâche oh courir premier casser complètement songer avant aile présence abandonner ?', '📌 Décider erreur rompre somme rouge attendre. Parmi autrement coucher sauter songer écraser courir arrêter soi nu avant chercher frère puis dépasser ramasser figure esprit moi avis désirer homme appuyer faveur oiseau autrement.

💡 Étendue voile voiture oreille nature d''''autres rencontrer moins auquel ou hauteur principe dès avenir problème mieux ruine représenter rejeter prison plaindre répondre sombre disposer bas eh vers détail.

<i>« Prévenir désespoir réussir animer précis animal accrocher véritable lumière public jeu apporter vague. »</i> – Scrum Guide imaginaire');
INSERT INTO AnswerChoices (question_id, language_code, answer_text, is_correct, explanation)
VALUES
(27, 'fr', 'Faux - Chaîne visible exposer attacher', 0, 'Prier maladie essayer disposer savoir encore faveur on argent te souhaiter devoir charger seuil appuyer dire air existence voilà du assurer qualité.'),
(27, 'fr', 'Vrai - Branche rang', 1, 'Cours battre presque froid ci campagne jeunesse devoir tranquille français égal sein midi composer hors commun hors parler rejoindre peuple détail occasion.'),
(27, 'fr', 'Vrai - Compagnie suite user danser parmi', 1, 'Conduire honte position nature façon grâce indiquer devoir suite peuple déclarer inventer arrêter vérité avis fruit debout impression triste demander passé durer courage sentiment connaître.'),
(27, 'fr', 'Faux - Tout pourquoi malade', 0, 'Couper aspect compagnie profiter tandis que disposer gloire matière dessiner animer sans monde supporter renverser social mien entier homme puis haut dès comprendre fond.'),
(27, 'fr', 'Faux - Juste juste secret', 0, 'Fou tout cercle déclarer approcher cercle auteur rapide hésiter cri soudain préparer remettre sans écraser rien avis ville nécessaire vol tandis que claire.');
INSERT INTO QuestionTags (question_id, tag_id) VALUES (27, 4);
INSERT INTO QuestionTags (question_id, tag_id) VALUES (27, 6);
INSERT INTO QuestionTags (question_id, tag_id) VALUES (27, 9);


-- 🟩 Question 28
INSERT INTO QuestionMeta (id, question_type, difficulty_level, source, source_url, certification_id)
VALUES (28, 'multiple_choice', 1, 'ScriptTest', NULL, 1);
INSERT INTO QuestionTranslations (question_id, language_code, question_text, explanation_detailed)
VALUES (28, 'fr', 'Tags : product_backlog, scrum_team / multiple_choice / Difficulté 1 / PSM I / Couler pendant connaissance admettre compter réduire tache gris conduire tomber cours moment affaire habiter lors ?', '📌 Saluer plonger sauvage demain jeune gauche vague soir. Violent forme discours âme vite facile conseil quatre l''''une capable mensonge crainte haut noir humain couche peur reste supposer signer calme manier éclairer.

💡 Ça vent roi désir animer fermer observer premier tout fonder vision simplement arrière le coeur tirer avant fuir droit tôt supérieur quartier maison promettre lendemain d''''abord inconnu poésie parfois inquiéter un.

<i>« As mentir rencontrer devant pouvoir pourtant vieux plaindre propre cinquante subir compagnon avancer somme. »</i> – Scrum Guide imaginaire');
INSERT INTO AnswerChoices (question_id, language_code, answer_text, is_correct, explanation)
VALUES
(28, 'fr', 'Faux - Lèvre seuil', 0, 'Femme vers fleur professeur rouge au oublier quartier porte forme action cri présence témoin jouer connaître capable choix attaquer saint.'),
(28, 'fr', 'Vrai - Souhaiter respirer planche ouvert', 1, 'Sourire été objet derrière votre mariage ton mettre endroit guerre éclairer siècle différent blanc trou recommencer asseoir endormir sombre quatre énorme noire établir arme.'),
(28, 'fr', 'Vrai - Considérer animer alors libre', 1, 'Tête non dès moment justice regard gris toujours sou travers saison ici palais politique pencher songer rouler douze lutter repousser voyage caresser dans pour certain.'),
(28, 'fr', 'Faux - François montagne', 0, 'Ligne marcher plutôt crier exposer prier chiffre huit société figurer souvent essuyer glisser supporter poursuivre inquiéter étonner écouter billet sens ciel cou même.'),
(28, 'fr', 'Vrai - Bras pièce imposer envie haute', 1, 'Lire bonheur rappeler marquer soin vivre expliquer dos boire fidèle chanter près porter aile signifier gris préparer haut fier grave côte.');
INSERT INTO QuestionTags (question_id, tag_id) VALUES (28, 8);
INSERT INTO QuestionTags (question_id, tag_id) VALUES (28, 10);


-- 🟩 Question 29
INSERT INTO QuestionMeta (id, question_type, difficulty_level, source, source_url, certification_id)
VALUES (29, 'single_choice', 1, 'ScriptTest', NULL, 1);
INSERT INTO QuestionTranslations (question_id, language_code, question_text, explanation_detailed)
VALUES (29, 'fr', 'Tags : scrum_team, sprint_review / single_choice / Difficulté 1 / PSM I / Rien événement maintenant répandre rejoindre paraître ferme assez voyage coûter ?', '📌 Page prendre au assurer ami manger curiosité dangereux moyen. Devoir tâche apparence si placer bientôt peu trembler cacher durant doux service si réponse presser projet joie banc jamais parcourir roi exemple regretter trois lire armée officier quant à comme épais.

💡 Aider paix succès faute de colon beaux apparaître continuer public résultat gagner un précipiter sommet saluer rouler nez expérience promener conversation service droite peau médecin auquel réel suffire silencieux avouer.

<i>« Capable courir indiquer premier rose terrible armée forme ainsi honte calme peuple pierre. »</i> – Scrum Guide imaginaire');
INSERT INTO AnswerChoices (question_id, language_code, answer_text, is_correct, explanation)
VALUES
(29, 'fr', 'Faux - Mesure malheur', 0, 'Servir phrase habiller accorder satisfaire saisir assez enfoncer consentir perdre empêcher espérer fortune élément se fond fatiguer lourd échapper âge rouge surprendre on inutile.'),
(29, 'fr', 'Vrai - Près instant habitant neuf que', 1, 'Ville doux faim émotion étoile certain beau subir instinct déposer saisir mari soir situation parent ton vouloir chasser creuser casser raconter achever porter.'),
(29, 'fr', 'Faux - Midi veille', 0, 'Exiger voix fou distance abandonner quant à ordre jouer ennemi gouvernement honte réfléchir chasser hésiter en écraser état refuser cabinet rencontrer cri énorme animal tant oser.');
INSERT INTO QuestionTags (question_id, tag_id) VALUES (29, 10);
INSERT INTO QuestionTags (question_id, tag_id) VALUES (29, 6);


-- 🟩 Question 30
INSERT INTO QuestionMeta (id, question_type, difficulty_level, source, source_url, certification_id)
VALUES (30, 'single_choice', 2, 'ScriptTest', NULL, 1);
INSERT INTO QuestionTranslations (question_id, language_code, question_text, explanation_detailed)
VALUES (30, 'fr', 'Tags : definition_of_done / single_choice / Difficulté 2 / PSM I / Envie bête suffire aimer intérieur essayer occuper pluie salle combien ?', '📌 Cuisine étroit dégager vol prison. Écraser chez habiter argent poésie dépasser saint pointe étaler fort contre cependant neuf dent lueur reprendre toi admettre avec souvent curiosité perdu boire roman aimer importance puisque sauver consulter.

💡 Fin race défaut dos renoncer pierre sourire pont sourire prêt avoir beau pied quel remettre sujet mon caresser poète dangereux plutôt lendemain manier intelligence puis réserver celui tache.

<i>« Espèce plaine mensonge départ chercher lourd français troisième cerveau pierre dégager. »</i> – Scrum Guide imaginaire');
INSERT INTO AnswerChoices (question_id, language_code, answer_text, is_correct, explanation)
VALUES
(30, 'fr', 'Faux - Contenir mal', 0, 'Cheval avance allumer douleur haut somme subir gouvernement taille près habiter former vouloir vivre juger pencher très en suite voiture secret question mince étude comment.'),
(30, 'fr', 'Vrai - Trésor sourire raconter', 1, 'Empire général visage général afin de avouer perte recommencer permettre accomplir agiter lire profond mince yeux continuer animal tâche mois inviter gagner doux pauvre.'),
(30, 'fr', 'Faux - Sourire fil divers cher', 0, 'Charge pourquoi paraître prononcer entretenir rompre surtout silence monde importance entrer noire commencer enfoncer employer déchirer dent goût affirmer image chasser en doucement.');
INSERT INTO QuestionTags (question_id, tag_id) VALUES (30, 4);


-- 🟩 Question 31
INSERT INTO QuestionMeta (id, question_type, difficulty_level, source, source_url, certification_id)
VALUES (31, 'boolean', 3, 'ScriptTest', NULL, 1);
INSERT INTO QuestionTranslations (question_id, language_code, question_text, explanation_detailed)
VALUES (31, 'fr', 'Tags : definition_of_done / boolean / Difficulté 3 / PSM I / Casser couche commander peau voler partir chercher plein ou geste ?', '📌 Direction science près réveiller genou époque. Mois école important amour tu là poussière salut noir plusieurs élever dernier mener remarquer gloire fonction conscience attendre compagnie lever cabinet salut genre lit cheveu résultat pluie.

💡 Se placer imaginer rue exiger commander nu silence toute imaginer source refuser île cheval ah médecin grandir être rencontrer briser autre tant faim entier règle instant.

<i>« Justice nourrir qui chien on rond remonter décider corps matin pointe. »</i> – Scrum Guide imaginaire');
INSERT INTO AnswerChoices (question_id, language_code, answer_text, is_correct, explanation)
VALUES
(31, 'fr', 'Vrai - Quarante vie subir', 1, 'Neuf main quant à silence toile prononcer besoin à embrasser monsieur marché témoin accepter coin davantage auprès journée pied phrase fort arriver.'),
(31, 'fr', 'Faux - Moyen cas prix un', 0, 'Papier plein deux profiter preuve bras noire profond madame devant impression réussir air étroit facile courir cesse glace réveiller frapper président parcourir bras loi papa.');
INSERT INTO QuestionTags (question_id, tag_id) VALUES (31, 4);


-- 🟩 Question 32
INSERT INTO QuestionMeta (id, question_type, difficulty_level, source, source_url, certification_id)
VALUES (32, 'boolean', 3, 'ScriptTest', NULL, 1);
INSERT INTO QuestionTranslations (question_id, language_code, question_text, explanation_detailed)
VALUES (32, 'fr', 'Tags : sprint_goal, scrum_values, scrum_team / boolean / Difficulté 3 / PSM I / Projet soleil obtenir chasser découvrir pourtant envoyer roche nombreux reculer mur sept vivre oeil remplir ?', '📌 Genou échapper pourquoi arme poésie assurer. Avant foi seul monsieur morceau ni place spectacle droite exiger feu chaque genou justice quoi peu perte air produire officier jeu fin.

💡 Terrain lueur prouver inviter colline dans content obtenir droit sac paraître découvrir prêter direction puis vérité moyen double froid puissance sol cependant haine tendre puissant parfaitement besoin espoir partie taille sans.

<i>« Paquet protéger sang en dessus marcher vie au plaisir affirmer nombre religion parfois oncle. »</i> – Scrum Guide imaginaire');
INSERT INTO AnswerChoices (question_id, language_code, answer_text, is_correct, explanation)
VALUES
(32, 'fr', 'Faux - Lumière leur demande etc règle', 0, 'Extraordinaire apporter interrompre aide victime accompagner goutte quartier volonté puis promener calme témoin après même volonté premier prière portier préférer.'),
(32, 'fr', 'Vrai - Écarter tracer et partout', 1, 'Flot port ruine front moment naissance effort tuer choix véritable camarade état empire différent endormir décider six cheveu vague plein tapis couvrir.');
INSERT INTO QuestionTags (question_id, tag_id) VALUES (32, 2);
INSERT INTO QuestionTags (question_id, tag_id) VALUES (32, 1);
INSERT INTO QuestionTags (question_id, tag_id) VALUES (32, 10);


-- 🟩 Question 33
INSERT INTO QuestionMeta (id, question_type, difficulty_level, source, source_url, certification_id)
VALUES (33, 'boolean', 3, 'ScriptTest', NULL, 1);
INSERT INTO QuestionTranslations (question_id, language_code, question_text, explanation_detailed)
VALUES (33, 'fr', 'Tags : scrum_team / boolean / Difficulté 3 / PSM I / Montrer surveiller avoir valeur main prononcer indiquer un marché marche ?', '📌 Espérer mon représenter subir vrai profondément appartement. Maintenant parfaitement malgré cour trembler marcher sommeil beau satisfaire attacher époque me vraiment pencher puis grand bonheur menacer rire autre plaine parent poser chute.

💡 Claire secours lever charge peine conclure noir étendue prêt plante idée prêter plaindre du aide éclat pénétrer droit propos bête voie figure muet demande gauche certain peur.

<i>« Fatigue certainement mer époque existence ruine cabinet émotion cuisine madame ou peuple appartenir monsieur. »</i> – Scrum Guide imaginaire');
INSERT INTO AnswerChoices (question_id, language_code, answer_text, is_correct, explanation)
VALUES
(33, 'fr', 'Faux - Lendemain souffrir dans', 0, 'Rapport ordre hier finir entre prétendre odeur haute payer je police pur rue barbe animal fleur public école bras leur sauver embrasser causer résultat.'),
(33, 'fr', 'Vrai - Sur parti glisser fils', 1, 'Partout couper carte serrer douze frapper voici absolu mentir voyager armer nation annoncer hiver sur soudain aucun noire angoisse qui yeux capable.');
INSERT INTO QuestionTags (question_id, tag_id) VALUES (33, 10);


-- 🟩 Question 34
INSERT INTO QuestionMeta (id, question_type, difficulty_level, source, source_url, certification_id)
VALUES (34, 'single_choice', 3, 'ScriptTest', NULL, 1);
INSERT INTO QuestionTranslations (question_id, language_code, question_text, explanation_detailed)
VALUES (34, 'fr', 'Tags : sprint_retrospective, daily_scrum, sprint_goal / single_choice / Difficulté 3 / PSM I / Demande fumée poussière abattre vague protéger billet certainement vous attirer intelligence ?', '📌 Mal fatigue pierre consulter d''''abord cause. Etc voyage renoncer pareil protéger position bureau silencieux retrouver admettre cent dame rester chaque gauche feu planche général avoir observer crainte.

💡 Champ public discours village français phrase discuter rejeter souffrir cruel compter supporter avancer mari juge obtenir forêt parfois colon vide projet connaissance courant leur façon bras que conclure peuple tendre bouche mode remplir.

<i>« Respecter couvrir voiture cause amuser disparaître venir briser vague devoir changement angoisse. »</i> – Scrum Guide imaginaire');
INSERT INTO AnswerChoices (question_id, language_code, answer_text, is_correct, explanation)
VALUES
(34, 'fr', 'Faux - Dangereux raison', 0, 'Assurer maison vivre discuter je tour puissant combien découvrir courir nouveau effort noir réel prison durant trente éclat apporter tu vêtir briser discours bleu terre.'),
(34, 'fr', 'Faux - Embrasser colon intention établir soulever', 0, 'Attacher quinze français afin de quitter soi transformer police répondre armer plaire émotion pensée hôtel il chaîne fort joindre aller là grand lèvre.'),
(34, 'fr', 'Vrai - Vendre finir arme seulement', 1, 'En chambre lieu prendre ici anglais absolument eh de lui encore diriger ramasser demander principe loin soumettre diriger ville refuser charge visage neuf jeu.');
INSERT INTO QuestionTags (question_id, tag_id) VALUES (34, 7);
INSERT INTO QuestionTags (question_id, tag_id) VALUES (34, 3);
INSERT INTO QuestionTags (question_id, tag_id) VALUES (34, 2);


-- 🟩 Question 35
INSERT INTO QuestionMeta (id, question_type, difficulty_level, source, source_url, certification_id)
VALUES (35, 'multiple_choice', 3, 'ScriptTest', NULL, 1);
INSERT INTO QuestionTranslations (question_id, language_code, question_text, explanation_detailed)
VALUES (35, 'fr', 'Tags : daily_scrum, empiricism / multiple_choice / Difficulté 3 / PSM I / Condition mémoire séparer corde savoir noire aucun pointe habitude delà violence pour ?', '📌 Religion conscience réduire poitrine mentir fidèle attention objet ton glisser. Étranger ignorer assurer faveur visible elle gens course quart troubler penser loi ruine point dominer pourquoi métier attendre poids seconde.

💡 Voisin aller défaut rester entier croire manger avance sol souvent soumettre doigt valeur contraire servir songer causer frapper caresser animer prier million décrire non toujours réserver fil humain lueur écrire par rencontre.

<i>« Cercle saint conversation long hauteur retenir valoir calme vers fois pour croire professeur cas jeunesse. »</i> – Scrum Guide imaginaire');
INSERT INTO AnswerChoices (question_id, language_code, answer_text, is_correct, explanation)
VALUES
(35, 'fr', 'Faux - Public mensonge porte nuit passer', 0, 'Instant jambe exposer commencement point fortune vivre personne brûler afin de causer tromper soir plusieurs faux cher etc simple quarante circonstance interroger lit sourire seul.'),
(35, 'fr', 'Vrai - Décrire portier l''une désert croiser', 1, 'Rejeter renoncer appeler décrire de titre journée vraiment notre poste effort porter toi emmener face intelligence désespoir étouffer façon presser difficile envie elle croiser.'),
(35, 'fr', 'Vrai - Exemple long', 1, 'Général juste genre éclairer coûter champ réfléchir appeler magnifique nord avance mois marquer parvenir visible supporter descendre fatiguer inutile renoncer moyen charge.');
INSERT INTO QuestionTags (question_id, tag_id) VALUES (35, 3);
INSERT INTO QuestionTags (question_id, tag_id) VALUES (35, 5);


-- 🟩 Question 36
INSERT INTO QuestionMeta (id, question_type, difficulty_level, source, source_url, certification_id)
VALUES (36, 'single_choice', 2, 'ScriptTest', NULL, 1);
INSERT INTO QuestionTranslations (question_id, language_code, question_text, explanation_detailed)
VALUES (36, 'fr', 'Tags : product_backlog, scrum_values, sprint_goal / single_choice / Difficulté 2 / PSM I / Premier rassurer peuple dur rapidement crainte secours frais hôtel eaux ?', '📌 Étude politique mémoire préférer accuser. Quoi manier qui paraître créer race combat finir étage cesser moi chef pitié puissance franchir employer demain selon profiter lutte quand distinguer principe.

💡 Art pendre cuisine inutile tel lutter mais âme prétendre instant chemise chanter veiller membre devoir être branche subir attaquer hésiter victime arrière source rêve enfermer réfléchir énorme.

<i>« Point hauteur neuf lit aujourd''''hui inutile figure ajouter histoire absolu mal claire. »</i> – Scrum Guide imaginaire');
INSERT INTO AnswerChoices (question_id, language_code, answer_text, is_correct, explanation)
VALUES
(36, 'fr', 'Faux - Aucun certes', 0, 'Importer grand éclat nouveau malade branche fin occuper pendant personne année jardin précéder livre parent nuit briser mien rocher important chemise place précéder.'),
(36, 'fr', 'Vrai - Fruit alors journée commencer', 1, 'Annoncer dégager vendre conversation expliquer vingt doute souffrance soumettre tendre faim avancer pourquoi paraître rendre milieu étranger mort étranger voilà lier goutte.'),
(36, 'fr', 'Faux - Long second peu sourire', 0, 'Faux existence calme discussion répondre refuser deviner troisième bonheur minute juge tellement devenir siège chair gauche suivre hasard mot travailler certain.');
INSERT INTO QuestionTags (question_id, tag_id) VALUES (36, 8);
INSERT INTO QuestionTags (question_id, tag_id) VALUES (36, 1);
INSERT INTO QuestionTags (question_id, tag_id) VALUES (36, 2);


-- 🟩 Question 37
INSERT INTO QuestionMeta (id, question_type, difficulty_level, source, source_url, certification_id)
VALUES (37, 'boolean', 2, 'ScriptTest', NULL, 1);
INSERT INTO QuestionTranslations (question_id, language_code, question_text, explanation_detailed)
VALUES (37, 'fr', 'Tags : product_goal, sprint_goal / boolean / Difficulté 2 / PSM I / Si répondre accomplir celui trop victime salut apparence promettre calme après commencer ?', '📌 Dangereux tôt morceau énorme temps perdu jeune. Gris épais très peuple terminer sueur exposer poursuivre chaîne riche sonner rocher général charger paraître politique douter qui quel espèce femme rouge noir façon interrompre palais faux clair.

💡 Rocher chaise abri travers ressembler réunir ne personnage appeler partir libre plutôt pour boire agent douceur verre proposer tenir quelqu''''un pied hauteur plus grâce colère prouver essayer seulement partager.

<i>« Pouvoir lisser trou descendre accuser rester loi réalité cour blanc pointe mari visible grave second. »</i> – Scrum Guide imaginaire');
INSERT INTO AnswerChoices (question_id, language_code, answer_text, is_correct, explanation)
VALUES
(37, 'fr', 'Faux - Léger espérer', 0, 'Réveiller pas ce conduire ville remercier envelopper foi nombre deviner haut prière éclat exiger je du tout recommencer maintenir chaîne côte résoudre folie.'),
(37, 'fr', 'Vrai - Aile sembler', 1, 'Faim afin de mois crier ami habiter revoir fatiguer temps dominer horizon disposer cas angoisse police présence l''un point succès somme plaire.');
INSERT INTO QuestionTags (question_id, tag_id) VALUES (37, 9);
INSERT INTO QuestionTags (question_id, tag_id) VALUES (37, 2);


-- 🟩 Question 38
INSERT INTO QuestionMeta (id, question_type, difficulty_level, source, source_url, certification_id)
VALUES (38, 'single_choice', 2, 'ScriptTest', NULL, 1);
INSERT INTO QuestionTranslations (question_id, language_code, question_text, explanation_detailed)
VALUES (38, 'fr', 'Tags : empiricism, scrum_team, sprint_retrospective / single_choice / Difficulté 2 / PSM I / Art payer nombreux réunir divers service devoir ville montrer savoir siècle je maintenir bon phrase ?', '📌 Malade professeur frais revenir matière faute. Quelqu''''un éclater suffire ceci disparaître vague longtemps préparer tantôt jardin vieil leur exiger exiger traiter mort rose toucher sein genre dans serrer loin.

💡 Votre et bord mari honte besoin détacher personne milieu début mentir acheter partout chez roman élever oh jeune également mémoire objet visible indiquer rôle réel quoi quelque bande droite croix sonner.

<i>« Heureux composer douleur interroger aventure venir quand état ressembler voiture demeurer chaîne valoir faire verre. »</i> – Scrum Guide imaginaire');
INSERT INTO AnswerChoices (question_id, language_code, answer_text, is_correct, explanation)
VALUES
(38, 'fr', 'Faux - Odeur prendre monter parce que', 0, 'Figurer vif plein robe reculer caresser certes instinct champ maître quitter habitant supposer poussière père lever auteur si attacher rester circonstance grave profiter.'),
(38, 'fr', 'Faux - Cacher hier souffler prouver', 0, 'Chance enfin course voisin tellement appeler vous ce aller après absolument beau terrible profond colon deux chair souffrir représenter penser maintenant haine.'),
(38, 'fr', 'Vrai - Fruit après acheter bras', 1, 'Je vers minute silencieux rôle vêtement ordre vide spectacle ce sourd règle fortune passé pauvre colon françois vaincre résistance bientôt bon attitude respect mien parti.');
INSERT INTO QuestionTags (question_id, tag_id) VALUES (38, 5);
INSERT INTO QuestionTags (question_id, tag_id) VALUES (38, 10);
INSERT INTO QuestionTags (question_id, tag_id) VALUES (38, 7);


-- 🟩 Question 39
INSERT INTO QuestionMeta (id, question_type, difficulty_level, source, source_url, certification_id)
VALUES (39, 'single_choice', 3, 'ScriptTest', NULL, 1);
INSERT INTO QuestionTranslations (question_id, language_code, question_text, explanation_detailed)
VALUES (39, 'fr', 'Tags : product_backlog / single_choice / Difficulté 3 / PSM I / Répondre assez eaux prochain geste froid vers poésie profiter public ?', '📌 Année descendre problème regretter notre trait sérieux recommencer. Nouveau fin seconde contenir façon ajouter reste haut situation charger visible placer taire suffire blond pauvre réfléchir blanc si huit soutenir prêt.

💡 Paupière extraordinaire hier résistance attirer charge guère petit pour désert nu poser champ au quelque gouvernement riche règle miser calmer étudier capable court pauvre toujours ton besoin étranger.

<i>« Oh quart effort marier confiance partout assister aujourd''''hui demande chef. »</i> – Scrum Guide imaginaire');
INSERT INTO AnswerChoices (question_id, language_code, answer_text, is_correct, explanation)
VALUES
(39, 'fr', 'Vrai - Victime frère droit oeil', 1, 'Ce prouver guère papier animer sommeil pendant auquel arrêter représenter autre parfaitement rire traîner garde discussion étranger là briser condition dont tenir soit notre voie.'),
(39, 'fr', 'Faux - Minute arriver nation spectacle', 0, 'Air oeil supporter peuple discours lourd croire présenter descendre présence port autour composer disposer palais reculer lueur doigt fruit espoir remarquer certain.'),
(39, 'fr', 'Faux - Pencher but durant masse franchir', 0, 'Prétendre poésie ennemi désespoir tourner certes ordre toi charge tâche salle fonder oser hasard échapper devoir atteindre satisfaire verser général espace le.');
INSERT INTO QuestionTags (question_id, tag_id) VALUES (39, 8);


-- 🟩 Question 40
INSERT INTO QuestionMeta (id, question_type, difficulty_level, source, source_url, certification_id)
VALUES (40, 'boolean', 3, 'ScriptTest', NULL, 1);
INSERT INTO QuestionTranslations (question_id, language_code, question_text, explanation_detailed)
VALUES (40, 'fr', 'Tags : empiricism, sprint_retrospective, sprint_goal / boolean / Difficulté 3 / PSM I / Tout comment animal personne cruel sien peine tard trop leur expression ?', '📌 Position soleil personne projet accent. Sombre mur interroger but matière jusque visite construire menacer effacer saisir éteindre saint mourir accepter puis roman vie fils dent remplacer retrouver vue chat hésiter époque.

💡 Apporter politique marchand plein vide escalier oser soutenir naître endroit faim appuyer système reculer suite discuter confier coeur où état plaire mensonge poser empire vous.

<i>« Tout problème endormir condition lisser bien debout miser source bataille entier léger considérer âme moins. »</i> – Scrum Guide imaginaire');
INSERT INTO AnswerChoices (question_id, language_code, answer_text, is_correct, explanation)
VALUES
(40, 'fr', 'Faux - Masse oublier', 0, 'Noir cour semaine étoile votre résultat falloir puisque yeux tard rêve sein paupière mettre manger succès genou commun musique mouvement.'),
(40, 'fr', 'Vrai - Pourquoi comment gagner', 1, 'Commander bon affaire son clair fixe engager traverser jeunesse capable descendre glace chose avis le écouter point sans quelque considérer.');
INSERT INTO QuestionTags (question_id, tag_id) VALUES (40, 5);
INSERT INTO QuestionTags (question_id, tag_id) VALUES (40, 7);
INSERT INTO QuestionTags (question_id, tag_id) VALUES (40, 2);


-- 🟩 Question 41
INSERT INTO QuestionMeta (id, question_type, difficulty_level, source, source_url, certification_id)
VALUES (41, 'single_choice', 1, 'ScriptTest', NULL, 1);
INSERT INTO QuestionTranslations (question_id, language_code, question_text, explanation_detailed)
VALUES (41, 'fr', 'Tags : product_goal, daily_scrum / single_choice / Difficulté 1 / PSM I / Somme puissance madame révéler toute lieu présence bas liberté couleur demain observer ?', '📌 Distinguer semblable habiller bon avec idée âgé tranquille beau. Donc femme français monsieur soi mort image tempête couleur sang triste reculer écarter presser tandis que ordre yeux pourquoi dernier chercher ensuite image rejoindre fumée intérieur vif couler appeler moment.

💡 Avec fils naturel colline monde tombe déchirer français avant poitrine surprendre terme plonger pauvre personnage bas boire projet rejeter vague rond subir intéresser existence campagne erreur moins réserver désir parfaitement sens.

<i>« Rencontrer manquer pourquoi françois étendre commencement tandis que sourire seconde chaque espèce inventer réalité visible. »</i> – Scrum Guide imaginaire');
INSERT INTO AnswerChoices (question_id, language_code, answer_text, is_correct, explanation)
VALUES
(41, 'fr', 'Vrai - Conversation spectacle douze donc pourquoi', 1, 'Quinze dernier plaisir également couche et relation bientôt demain écraser genou voiture voyager inquiétude poète pleurer supérieur mois environ portier.'),
(41, 'fr', 'Faux - Simple agir gens pauvre', 0, 'Cabinet droite miser chaise seigneur quartier escalier chaud lutte ouvert groupe semaine saison beaux prison minute bien chute préparer hors pièce âme vendre seconde quand.'),
(41, 'fr', 'Faux - Malgré conversation', 0, 'Madame repas personne parti mur famille briser auteur musique observer remettre intention mauvais chat complet officier portier pont vrai route chanter.');
INSERT INTO QuestionTags (question_id, tag_id) VALUES (41, 9);
INSERT INTO QuestionTags (question_id, tag_id) VALUES (41, 3);


-- 🟩 Question 42
INSERT INTO QuestionMeta (id, question_type, difficulty_level, source, source_url, certification_id)
VALUES (42, 'single_choice', 1, 'ScriptTest', NULL, 1);
INSERT INTO QuestionTranslations (question_id, language_code, question_text, explanation_detailed)
VALUES (42, 'fr', 'Tags : product_backlog, definition_of_done, sprint_goal / single_choice / Difficulté 1 / PSM I / Résoudre long sac argent claire tâche toute tandis que d''autres précis sourire permettre grave satisfaire ?', '📌 Mari drôle position chaque est. Instant sol y savoir certain haut pauvre nouveau palais eau chambre obtenir hauteur ainsi sueur lever silencieux goût continuer lui rue an franc sorte fils sable réserver.

💡 Fauteuil différent risquer cri garçon échapper étudier honneur bleu vérité agent défendre établir vieil reste pareil voici poète imposer cabinet dépasser âgé avant user papa discussion père ramener.

<i>« Cacher douze quoi rapide taire nombre accepter prononcer règle respect interrompre. »</i> – Scrum Guide imaginaire');
INSERT INTO AnswerChoices (question_id, language_code, answer_text, is_correct, explanation)
VALUES
(42, 'fr', 'Faux - Aider gris distance', 0, 'Banc étranger suivre saison faible bête emporter recherche fils mal fonction espace violent tant employer plonger considérer le or user sur même fixe jambe moitié.'),
(42, 'fr', 'Faux - Partie principe', 0, 'Vision vieillard souffler inquiéter quart prison puis papier as crainte hier naissance beau avenir accepter quelqu''un regretter lutte blond société.'),
(42, 'fr', 'Vrai - Donner aide joue envelopper courir', 1, 'Saluer perdre perdre usage brusquement attention double carte terminer danser appeler dieu front réunir falloir vers pénétrer secret armée puis geste autre engager.');
INSERT INTO QuestionTags (question_id, tag_id) VALUES (42, 8);
INSERT INTO QuestionTags (question_id, tag_id) VALUES (42, 4);
INSERT INTO QuestionTags (question_id, tag_id) VALUES (42, 2);


-- 🟩 Question 43
INSERT INTO QuestionMeta (id, question_type, difficulty_level, source, source_url, certification_id)
VALUES (43, 'boolean', 1, 'ScriptTest', NULL, 1);
INSERT INTO QuestionTranslations (question_id, language_code, question_text, explanation_detailed)
VALUES (43, 'fr', 'Tags : scrum_team, empiricism, product_goal / boolean / Difficulté 1 / PSM I / Silencieux rassurer double attendre fou briser inspirer quand obliger expérience couvrir ?', '📌 Liberté après payer finir sûr loi. Désormais peu d''''autres oeil chute genou possible frapper rapport abattre manier train départ semblable juger calme votre là absolu usage.

💡 Lien sonner plaire maintenant exiger aujourd''''hui haïr bonheur voyager porter rentrer élément rôle amener guerre campagne quinze loi résister recevoir trois pénétrer faim rare chacun lèvre chercher confier dehors accuser vers marcher.

<i>« Présent avant immense sueur non verser surtout même maison certain haïr ennemi vers goutte. »</i> – Scrum Guide imaginaire');
INSERT INTO AnswerChoices (question_id, language_code, answer_text, is_correct, explanation)
VALUES
(43, 'fr', 'Vrai - Sommeil lever taire', 1, 'Tromper somme an demeurer faveur réel problème dent accorder paupière vie vaste rose fin parfois jeu franc queue pourtant rapporter marché avec appel.'),
(43, 'fr', 'Faux - Sauver passé accorder partout', 0, 'Soin cacher seuil or vent course ne rien descendre poste répandre sentiment tuer mêler cri être du courir attention comprendre français supporter recommencer croire genou.');
INSERT INTO QuestionTags (question_id, tag_id) VALUES (43, 10);
INSERT INTO QuestionTags (question_id, tag_id) VALUES (43, 5);
INSERT INTO QuestionTags (question_id, tag_id) VALUES (43, 9);


-- 🟩 Question 44
INSERT INTO QuestionMeta (id, question_type, difficulty_level, source, source_url, certification_id)
VALUES (44, 'boolean', 2, 'ScriptTest', NULL, 1);
INSERT INTO QuestionTranslations (question_id, language_code, question_text, explanation_detailed)
VALUES (44, 'fr', 'Tags : definition_of_done, sprint_review / boolean / Difficulté 2 / PSM I / Aucun époque devant âme abri cou connaître étage fauteuil il fatiguer nouveau vision public ?', '📌 Terrain volonté large danser âme tuer indiquer puis révéler. Rencontre sembler devoir besoin vérité agiter état rôle premier véritable arracher énergie creuser éternel manier sou chair rue sourd cher sang part pièce relation.

💡 Sien chemise visible condition pauvre dessus entre souvenir dégager discussion maladie ancien devoir tout vieux éclat respirer écouter marcher année marchand naître hauteur défaut moyen.

<i>« François glace cher front quelqu''''un esprit prix indiquer profondément silencieux ainsi tard plutôt gloire. »</i> – Scrum Guide imaginaire');
INSERT INTO AnswerChoices (question_id, language_code, answer_text, is_correct, explanation)
VALUES
(44, 'fr', 'Faux - Etc qui fixe', 0, 'Part réclamer jour race table amour épais soutenir presque frère rendre espérer cependant histoire lequel inviter coup comme esprit croix mari assister.'),
(44, 'fr', 'Vrai - Dos servir elle', 1, 'Loi propos pierre étoile crainte ordre métier jeune poésie ministre retrouver pourtant trembler plonger mon aide visite douleur soleil peuple lentement parole malgré sonner.');
INSERT INTO QuestionTags (question_id, tag_id) VALUES (44, 4);
INSERT INTO QuestionTags (question_id, tag_id) VALUES (44, 6);


-- 🟩 Question 45
INSERT INTO QuestionMeta (id, question_type, difficulty_level, source, source_url, certification_id)
VALUES (45, 'single_choice', 1, 'ScriptTest', NULL, 1);
INSERT INTO QuestionTranslations (question_id, language_code, question_text, explanation_detailed)
VALUES (45, 'fr', 'Tags : scrum_values / single_choice / Difficulté 1 / PSM I / École violent apprendre nommer payer emporter souvenir donner entretenir renoncer convenir ?', '📌 Cabinet papier traîner immobile ventre. Ombre bien rassurer lendemain coeur humide vague si sourire manquer but troubler foi lourd nu place produire courant défendre vêtement traiter arrêter âge pouvoir fin appartenir magnifique.

💡 Chute air déchirer mériter enfance saint côté peuple éprouver bonheur rond même étroit violence rang conduire tellement cesser juger acte si train même mien il inutile autorité changement.

<i>« Chute signe poète proposer jeu souffler voix réveiller discuter agent droite effort consentir impossible. »</i> – Scrum Guide imaginaire');
INSERT INTO AnswerChoices (question_id, language_code, answer_text, is_correct, explanation)
VALUES
(45, 'fr', 'Faux - Lever pur coin dame', 0, 'Armer transformer manier position dominer y caresser accrocher rester direction son tôt espérer de où vous général demi jour observer course dessiner plaisir.'),
(45, 'fr', 'Faux - Baisser en reposer contenter', 0, 'Soleil haïr arracher docteur ne ni respirer groupe endroit semblable gauche disparaître naissance ordre pas officier regarder exposer commun dur théâtre quoi.'),
(45, 'fr', 'Vrai - Fier porter refuser moyen', 1, 'Principe chez rose mêler affaire nul foi habiter partager suivre vieil billet déclarer pendant prison jeu état femme même tapis casser maître creuser double mot.');
INSERT INTO QuestionTags (question_id, tag_id) VALUES (45, 1);


-- 🟩 Question 46
INSERT INTO QuestionMeta (id, question_type, difficulty_level, source, source_url, certification_id)
VALUES (46, 'multiple_choice', 3, 'ScriptTest', NULL, 1);
INSERT INTO QuestionTranslations (question_id, language_code, question_text, explanation_detailed)
VALUES (46, 'fr', 'Tags : daily_scrum / multiple_choice / Difficulté 3 / PSM I / Nécessaire pied instant cent roi direction tirer minute peine conclure douter somme vendre ?', '📌 Signifier occasion complètement au loi race. Auprès rêve militaire barbe suffire force devant banc trente chemise dehors où pleurer justice personne intéresser claire parole cheval juge longtemps nourrir changer général loin.

💡 Parti tard voiture port apparaître sombre ci point goutte début monter tache noir fumer gauche espérer entretenir agir cheveu faim moindre éternel sang près titre voisin.

<i>« Ruine taille titre premier jeunesse raconter rêve d''''abord voyage compagnie jeter finir. »</i> – Scrum Guide imaginaire');
INSERT INTO AnswerChoices (question_id, language_code, answer_text, is_correct, explanation)
VALUES
(46, 'fr', 'Faux - Semblable système', 0, 'Crier étendue chair inviter fenêtre nerveux regard sentier combien ramener oreille subir passage ressembler prétendre membre sauvage temps fête retourner santé tenter énergie mener.'),
(46, 'fr', 'Vrai - Enfoncer voyage port public', 1, 'Essayer gros vous rencontrer retrouver au souvent accord pour chercher ramasser nuage expérience qualité ton rocher couler escalier marquer garde commencement soin amour réunir.'),
(46, 'fr', 'Vrai - Digne moins regarder terminer', 1, 'Interrompre oh coin lèvre mal clef saint tout loi animer rejoindre public professeur devoir passage rentrer inconnu phrase est vendre couleur ainsi.');
INSERT INTO QuestionTags (question_id, tag_id) VALUES (46, 3);


-- 🟩 Question 47
INSERT INTO QuestionMeta (id, question_type, difficulty_level, source, source_url, certification_id)
VALUES (47, 'multiple_choice', 2, 'ScriptTest', NULL, 1);
INSERT INTO QuestionTranslations (question_id, language_code, question_text, explanation_detailed)
VALUES (47, 'fr', 'Tags : daily_scrum, empiricism, definition_of_done / multiple_choice / Difficulté 2 / PSM I / Valoir former poésie neuf sentiment parfois difficile hésiter distance condamner capable noir froid ?', '📌 Traverser sous mien flamme dur petit croiser. Danger bas crier nourrir vision éclairer six ainsi préférer dégager entre dehors drame rêve depuis réunir remonter jeu présent animer énorme chemise déclarer précipiter confiance.

💡 Savoir calmer étoile apparaître police reste poursuivre discours lier lit étage compagnie déchirer ciel bas souhaiter presque vol haute bas loup livrer ville maintenant cela dominer reste chaleur peser dire marché regretter âgé fonction ainsi.

<i>« Vie ajouter pourtant tant peuple seconde tenter songer table du accorder. »</i> – Scrum Guide imaginaire');
INSERT INTO AnswerChoices (question_id, language_code, answer_text, is_correct, explanation)
VALUES
(47, 'fr', 'Vrai - Mort voler cuisine autant principe', 1, 'Note nation mari poche sol moyen haut leur travailler choisir être pauvre témoin réel celui presque sombre roche compter courir désir mettre tracer.'),
(47, 'fr', 'Faux - Eaux avance son', 0, 'Soutenir tranquille courage pointe près réclamer figurer joindre sol longtemps tout côte grâce non flot avenir déclarer important rideau mal.'),
(47, 'fr', 'Vrai - Votre route quartier garçon', 1, 'Sien désert enfermer mémoire valoir voile voisin rire battre croix être mal bien secours haut briller route craindre voix dormir arrêter tranquille.'),
(47, 'fr', 'Vrai - Profondément partager nation', 1, 'Bientôt entrée maison valoir lettre son cri respirer recommencer absence classe devenir chance durer cinquante ombre soleil ça jeune intérieur dessiner savoir camarade désirer hasard.'),
(47, 'fr', 'Faux - Rose papa bien dormir mari', 0, 'Sauter demi vieillard prendre remplir aide perte d''autres amener gouvernement calmer portier préparer reposer signe transformer dernier barbe défaut gauche chanter chemise.');
INSERT INTO QuestionTags (question_id, tag_id) VALUES (47, 3);
INSERT INTO QuestionTags (question_id, tag_id) VALUES (47, 5);
INSERT INTO QuestionTags (question_id, tag_id) VALUES (47, 4);


-- 🟩 Question 48
INSERT INTO QuestionMeta (id, question_type, difficulty_level, source, source_url, certification_id)
VALUES (48, 'multiple_choice', 2, 'ScriptTest', NULL, 1);
INSERT INTO QuestionTranslations (question_id, language_code, question_text, explanation_detailed)
VALUES (48, 'fr', 'Tags : scrum_values, definition_of_done, scrum_team / multiple_choice / Difficulté 2 / PSM I / Deux main espèce arbre année lèvre convenir passer mur couper mort protéger autour certainement devant ?', '📌 Bien terreur soulever intérieur roi soit remercier. Puisque adresser espèce prix oeuvre plaine respect briller riche dos clef posséder escalier y fort suivre dent couleur soudain cinq rejeter.

💡 Queue vague étonner effacer long point suffire jardin perte comment religion mer reposer retenir voyage instant connaissance loi tendre chute lien accorder pas vide papier joli toucher forêt combat.

<i>« Écraser règle soumettre désespoir chaque étage partie aucun pouvoir couleur qui courage. »</i> – Scrum Guide imaginaire');
INSERT INTO AnswerChoices (question_id, language_code, answer_text, is_correct, explanation)
VALUES
(48, 'fr', 'Vrai - Terre devant', 1, 'Garde élever surtout fumer l''un enlever détail si intelligence personnage fuir drôle loin chant discussion inquiéter qui par d''autres faute appuyer rappeler humide beau.'),
(48, 'fr', 'Faux - Prison santé vide', 0, 'Cent habiller absolu humide quitter mort tellement trace ignorer malheur car cacher plaisir surveiller poitrine te cheveu chaque regarder acheter désert ramener blond savoir.'),
(48, 'fr', 'Faux - Titre entrer d''abord rouge', 0, 'Mêler neuf emmener représenter comment plus prononcer jeunesse paysan situation système endormir décrire situation imaginer simplement droit poursuivre conduire crier réduire vieil donc.'),
(48, 'fr', 'Vrai - Mari chemin vieil', 1, 'État rappeler or vie pareil tempête attitude appel fauteuil notre animal je fixer sûr garçon mort inutile saisir peser peser ne.'),
(48, 'fr', 'Vrai - Y tendre', 1, 'Début rond rassurer titre cause voyage tourner conseil réponse principe demi entendre tout quart employer agent voisin douleur franc soin direction.');
INSERT INTO QuestionTags (question_id, tag_id) VALUES (48, 1);
INSERT INTO QuestionTags (question_id, tag_id) VALUES (48, 4);
INSERT INTO QuestionTags (question_id, tag_id) VALUES (48, 10);


-- 🟩 Question 49
INSERT INTO QuestionMeta (id, question_type, difficulty_level, source, source_url, certification_id)
VALUES (49, 'single_choice', 1, 'ScriptTest', NULL, 1);
INSERT INTO QuestionTranslations (question_id, language_code, question_text, explanation_detailed)
VALUES (49, 'fr', 'Tags : product_backlog, scrum_values, daily_scrum / single_choice / Difficulté 1 / PSM I / Prison aujourd''hui vaincre douze trait prendre traîner dès taille mariage quelqu''un ?', '📌 Raconter tant pointe étendue prendre. Connaître argent chemise cercle entre revoir ni frère découvrir raison madame tellement honte cuisine abandonner mauvais déposer déclarer recueillir danger annoncer fait rapporter prononcer violent connaissance autrefois.

💡 Autrefois lieu main honte situation foule sourd fier représenter fusil nouveau rompre disparaître vérité disposer armée souffler cher obéir banc retirer discussion accomplir ton ainsi pencher précis sept poésie me.

<i>« Prison mur vieux droit qualité soirée appel partie chemin choix gauche. »</i> – Scrum Guide imaginaire');
INSERT INTO AnswerChoices (question_id, language_code, answer_text, is_correct, explanation)
VALUES
(49, 'fr', 'Vrai - Poste planche', 1, 'Dernier souvenir crainte posséder ajouter nuit lentement occasion rang tenter petit soi nul essuyer boire courant rire rencontre discuter prison vol salle bout.'),
(49, 'fr', 'Faux - Corde chasser suivant poitrine pitié', 0, 'Front milieu suivant grand traîner arbre du fine de été quelqu''un nez impression abattre interroger garder préférer honte planche tâche cerveau printemps.'),
(49, 'fr', 'Faux - Main digne', 0, 'Repas rencontrer désert jeune sujet inutile plus fleur âme vrai présent prétendre fixe couper volonté premier travailler eau au intérieur.');
INSERT INTO QuestionTags (question_id, tag_id) VALUES (49, 8);
INSERT INTO QuestionTags (question_id, tag_id) VALUES (49, 1);
INSERT INTO QuestionTags (question_id, tag_id) VALUES (49, 3);


-- 🟩 Question 50
INSERT INTO QuestionMeta (id, question_type, difficulty_level, source, source_url, certification_id)
VALUES (50, 'single_choice', 3, 'ScriptTest', NULL, 1);
INSERT INTO QuestionTranslations (question_id, language_code, question_text, explanation_detailed)
VALUES (50, 'fr', 'Tags : definition_of_done, product_backlog, scrum_values / single_choice / Difficulté 3 / PSM I / Moitié soulever aucun soulever considérer monde atteindre fois clef de pourtant morceau assez ?', '📌 Résistance chercher usage toujours vrai lieu système sien. Soulever journal atteindre or moitié nommer tout revoir queue religion science crier pied présent distance moindre droit enfoncer maladie rue devant histoire conclure quoi renverser étage fixe.

💡 En dent carte marier fixer train fort droite secrétaire parent soudain aucun fond secret offrir venir maladie supporter jouer silence lever dame protéger étude entendre auprès instinct étaler monter cou.

<i>« Sonner souffler centre force supposer chaud déclarer saint enfermer rencontre. »</i> – Scrum Guide imaginaire');
INSERT INTO AnswerChoices (question_id, language_code, answer_text, is_correct, explanation)
VALUES
(50, 'fr', 'Vrai - Saisir personnage jour', 1, 'Feu côté étouffer retirer possible marquer plein dresser midi près intérêt subir trembler chef doigt quartier charger supporter céder voiture masse.'),
(50, 'fr', 'Faux - Votre poitrine', 0, 'Ci preuve même surtout détacher parole éviter indiquer réveiller montagne premier si glisser le forêt attention juge troubler fonder ignorer.'),
(50, 'fr', 'Faux - Leur seconde arme ancien', 0, 'Justice également toujours eau léger fixer rejeter profondément centre pareil examiner vêtement maladie claire ouvrage voisin danger bras creuser parole apprendre ramener tard nouveau.');
INSERT INTO QuestionTags (question_id, tag_id) VALUES (50, 4);
INSERT INTO QuestionTags (question_id, tag_id) VALUES (50, 8);
INSERT INTO QuestionTags (question_id, tag_id) VALUES (50, 1);


-- 🟩 Question 51
INSERT INTO QuestionMeta (id, question_type, difficulty_level, source, source_url, certification_id)
VALUES (51, 'single_choice', 1, 'ScriptTest', NULL, 1);
INSERT INTO QuestionTranslations (question_id, language_code, question_text, explanation_detailed)
VALUES (51, 'fr', 'Tags : daily_scrum / single_choice / Difficulté 1 / PSM I / Auteur se arrière remettre vague type pensée personnage gouvernement aucun ?', '📌 Pour compagnie simple note hier. Joie doucement nerveux malgré dix militaire résoudre menacer haïr oublier manger beaucoup barbe nord véritable soirée religion sein éviter peau renoncer davantage briller ailleurs membre contre part.

💡 Officier arrêter public groupe accent rocher tempête ouvrir déposer officier regard apercevoir joue satisfaire yeux mer police lorsque folie sentier déclarer préparer article répéter ciel premier hors mener personnage ramener désirer quart.

<i>« Rire soin caractère prendre elle vers propre large convenir eh tuer sou lèvre santé riche. »</i> – Scrum Guide imaginaire');
INSERT INTO AnswerChoices (question_id, language_code, answer_text, is_correct, explanation)
VALUES
(51, 'fr', 'Faux - Pourquoi étroit relation tromper', 0, 'Victime cinquante corps tout étroit observer brusquement annoncer franchir homme installer poser fuir satisfaire avoir preuve poste genre employer interroger grandir voilà hiver.'),
(51, 'fr', 'Vrai - Croire fleur', 1, 'Vie extraordinaire train feu répondre commencer deux discuter bord bon maintenant marchand composer triste succès espérer vieil regarder accepter projet nommer crainte huit secret.'),
(51, 'fr', 'Faux - Papier quelque chanter refuser', 0, 'Précis expliquer retrouver avant interroger rose leur pain jaune cheveu ce ou amour sommet quelque début malgré porte loup part trouver un.');
INSERT INTO QuestionTags (question_id, tag_id) VALUES (51, 3);


-- 🟩 Question 52
INSERT INTO QuestionMeta (id, question_type, difficulty_level, source, source_url, certification_id)
VALUES (52, 'boolean', 1, 'ScriptTest', NULL, 1);
INSERT INTO QuestionTranslations (question_id, language_code, question_text, explanation_detailed)
VALUES (52, 'fr', 'Tags : sprint_review, scrum_team, scrum_values / boolean / Difficulté 1 / PSM I / Que bleu portier fil religion siège imposer apparaître muet secrétaire regretter parole avenir d''autres ?', '📌 Sommet neuf rare votre réunir afin de. Bataille rôle coin hasard fou attirer supporter mesure cercle an sentir pas petit sein oncle page allumer front voler contraire importer nu présent fruit chemise fatiguer accepter imposer mémoire avenir.

💡 Port politique atteindre retrouver tapis pouvoir considérer fier essuyer émotion silence vague répéter accorder entretenir passé guerre casser lentement art rejoindre saint entrée habiller front grand étage ouvrir brusquement patron troisième.

<i>« Époque folie réserver mine verre double cacher de à porter demain liberté problème. »</i> – Scrum Guide imaginaire');
INSERT INTO AnswerChoices (question_id, language_code, answer_text, is_correct, explanation)
VALUES
(52, 'fr', 'Vrai - Départ paix', 1, 'Prouver rouge trou étouffer douze réclamer sou pourtant énorme toute hôtel sentier rose angoisse pointe terre jusque plutôt chacun bras vêtir.'),
(52, 'fr', 'Faux - Asseoir pont écarter compagnie', 0, 'Éternel autre compte ton sommet même noire théâtre devant absolument roi ton autour regretter éclater disposer médecin montagne douleur table.');
INSERT INTO QuestionTags (question_id, tag_id) VALUES (52, 6);
INSERT INTO QuestionTags (question_id, tag_id) VALUES (52, 10);
INSERT INTO QuestionTags (question_id, tag_id) VALUES (52, 1);


-- 🟩 Question 53
INSERT INTO QuestionMeta (id, question_type, difficulty_level, source, source_url, certification_id)
VALUES (53, 'multiple_choice', 3, 'ScriptTest', NULL, 1);
INSERT INTO QuestionTranslations (question_id, language_code, question_text, explanation_detailed)
VALUES (53, 'fr', 'Tags : empiricism, definition_of_done / multiple_choice / Difficulté 3 / PSM I / D''autres jamais exposer bruit reculer ça bord retrouver joli dame environ espérer penser énergie ?', '📌 Déjà rien ton et discussion devoir rose user côté journal. Fruit champ peuple espace ainsi saint le comme entier sûr révéler entrée témoin dernier cheveu passé oncle lutte rang sorte accent souvenir petit droit vol produire certainement importance pied rapporter.

💡 Cercle fumée ci grâce suivre établir figurer ruine empêcher goût voile perdre ligne crise vivre long soumettre reposer meilleur devoir route violence facile elle effacer patron.

<i>« Dos pourquoi escalier noir expérience se détail haut digne entretenir le. »</i> – Scrum Guide imaginaire');
INSERT INTO AnswerChoices (question_id, language_code, answer_text, is_correct, explanation)
VALUES
(53, 'fr', 'Faux - Rapide recherche ami frère subir', 0, 'Répéter profiter selon en libre présent figure risquer règle on rassurer présent tempête déposer bas cheval sous fonder enfoncer nous long endormir attacher.'),
(53, 'fr', 'Vrai - Nommer confiance rôle vivant contre', 1, 'Delà rentrer nuage renoncer beauté rejeter trop là bon docteur discuter gauche paraître ombre créer vous chute voler auprès fusil.'),
(53, 'fr', 'Vrai - Plan rompre fois reposer', 1, 'Très terme cesse suite vague morceau image sur épais combien battre bureau éloigner faible prévenir monter agiter colon inutile voisin réclamer joindre jeune perdu.'),
(53, 'fr', 'Faux - Défendre éteindre clair', 0, 'Avancer signer page milieu sentiment entier hôtel politique regard jeune ainsi phrase marquer rouge erreur en frais religion plaisir disposer.'),
(53, 'fr', 'Vrai - Salle campagne campagne', 1, 'Tout reposer passage son prétendre remplacer entrer sur million bleu train yeux taire devenir pencher voyage chute satisfaire mort près.');
INSERT INTO QuestionTags (question_id, tag_id) VALUES (53, 5);
INSERT INTO QuestionTags (question_id, tag_id) VALUES (53, 4);


-- 🟩 Question 54
INSERT INTO QuestionMeta (id, question_type, difficulty_level, source, source_url, certification_id)
VALUES (54, 'boolean', 3, 'ScriptTest', NULL, 1);
INSERT INTO QuestionTranslations (question_id, language_code, question_text, explanation_detailed)
VALUES (54, 'fr', 'Tags : scrum_team, product_goal, product_backlog / boolean / Difficulté 3 / PSM I / Nature oser goutte dur banc effet sec an travers creuser taire volonté bien verser non ?', '📌 Déjà réel toi peu quitter égal noire cours envie santé. Vaste cent fin égal franchir carte fille chiffre divers nation près ouvrage bas caresser déchirer pousser énorme satisfaire résultat appel lorsque mal vieux diriger paraître taille visage souvent tête source.

💡 Paquet forme cour médecin quatre rompre risquer résoudre travailler avant camarade amour mois tache distance pied honte boire oreille agiter remonter venir sommet tellement sentir distance besoin devenir remettre trente village étroit reculer santé rendre.

<i>« Voile plutôt protéger vieillard recommencer apprendre bien sept port plaindre. »</i> – Scrum Guide imaginaire');
INSERT INTO AnswerChoices (question_id, language_code, answer_text, is_correct, explanation)
VALUES
(54, 'fr', 'Faux - Mensonge fils votre briser', 0, 'Détail courant elle immense mettre ensemble portier accord rapport eh continuer agiter calmer montrer coûter entre vert riche étranger peuple revenir métier entourer.'),
(54, 'fr', 'Vrai - Celui ignorer changement', 1, 'Immobile horizon abandonner plante esprit quelque éloigner vêtement journal aile anglais trait secrétaire vite livrer quel écrire effort lutte assurer autant respecter conscience occuper.');
INSERT INTO QuestionTags (question_id, tag_id) VALUES (54, 10);
INSERT INTO QuestionTags (question_id, tag_id) VALUES (54, 9);
INSERT INTO QuestionTags (question_id, tag_id) VALUES (54, 8);


-- 🟩 Question 55
INSERT INTO QuestionMeta (id, question_type, difficulty_level, source, source_url, certification_id)
VALUES (55, 'single_choice', 1, 'ScriptTest', NULL, 1);
INSERT INTO QuestionTranslations (question_id, language_code, question_text, explanation_detailed)
VALUES (55, 'fr', 'Tags : scrum_team, definition_of_done, scrum_values / single_choice / Difficulté 1 / PSM I / Cerveau terme pourquoi demande dent moindre finir heure attendre transformer tout brusquement tromper armée rayon ?', '📌 Mériter paupière soleil expérience assurer signifier bouche. Rencontrer connaître reste aider maladie joue guerre battre vide prouver classe grand derrière fin nu prince midi autrefois parvenir grand.

💡 Désigner armer propre pluie envie égal surveiller expliquer lendemain remarquer fenêtre sept jaune rire semaine événement chiffre supposer plein personnage enfin affaire rouge plutôt centre réalité depuis.

<i>« Pouvoir drôle arrivée distance chute proposer leur religion importance tendre milieu. »</i> – Scrum Guide imaginaire');
INSERT INTO AnswerChoices (question_id, language_code, answer_text, is_correct, explanation)
VALUES
(55, 'fr', 'Faux - Trembler chemin', 0, 'Goût déjà décider retirer raison conduire tenter connaissance briser accompagner assez prochain soudain d''autres de enfant table durant pénétrer haïr oui presque idée bientôt courant.'),
(55, 'fr', 'Vrai - Roman presser ça', 1, 'Ciel côte élément vieil larme cri discussion confondre signe mesure terrain regard changement saint parole répondre direction servir pain bande vérité le.'),
(55, 'fr', 'Faux - Divers que alors désigner', 0, 'Plein menacer saint quarante inconnu chair d''autres parfois terminer moitié nom dire froid poitrine parvenir descendre nombre conversation arrêter pourtant lentement dimanche voilà dire.');
INSERT INTO QuestionTags (question_id, tag_id) VALUES (55, 10);
INSERT INTO QuestionTags (question_id, tag_id) VALUES (55, 4);
INSERT INTO QuestionTags (question_id, tag_id) VALUES (55, 1);


-- 🟩 Question 56
INSERT INTO QuestionMeta (id, question_type, difficulty_level, source, source_url, certification_id)
VALUES (56, 'single_choice', 2, 'ScriptTest', NULL, 1);
INSERT INTO QuestionTranslations (question_id, language_code, question_text, explanation_detailed)
VALUES (56, 'fr', 'Tags : scrum_team, sprint_review, empiricism / single_choice / Difficulté 2 / PSM I / Lueur mémoire magnifique garçon venir appartenir si supporter admettre scène salle bonheur ?', '📌 Décrire voyager un ouvrage humain mari groupe plan. Après recherche humain éclat ou vivre souffrir lequel vous étudier bientôt habitude présent mien violence léger direction le public tache absolument.

💡 Engager part lever content genou froid dangereux debout but pur l''''un quelqu''''un prendre demi rayon cela phrase composer déclarer souhaiter bois vision planche emporter malgré dire conduire gauche changer nation vue françois.

<i>« Par attendre mettre sentiment chaise autrefois surveiller calmer étudier mariage. »</i> – Scrum Guide imaginaire');
INSERT INTO AnswerChoices (question_id, language_code, answer_text, is_correct, explanation)
VALUES
(56, 'fr', 'Faux - Notre saluer mien choix', 0, 'Profondément ah combat éloigner famille prévenir transformer pareil aide surprendre de toute avancer plaindre sein souvenir maladie argent beaucoup fin saisir épais encore même nourrir.'),
(56, 'fr', 'Faux - Semaine un', 0, 'L''un agiter armée difficile dessiner dimanche écraser simple commencer sien vue exiger rêve mourir près manger enfoncer million été ligne main.'),
(56, 'fr', 'Vrai - Remarquer plaindre fatiguer âme', 1, 'École durer donner ou avance pas pour vol supposer révéler vers ferme dessiner intention voyager militaire travail habitant croiser nation sable rappeler sentir possible content.');
INSERT INTO QuestionTags (question_id, tag_id) VALUES (56, 10);
INSERT INTO QuestionTags (question_id, tag_id) VALUES (56, 6);
INSERT INTO QuestionTags (question_id, tag_id) VALUES (56, 5);


-- 🟩 Question 57
INSERT INTO QuestionMeta (id, question_type, difficulty_level, source, source_url, certification_id)
VALUES (57, 'multiple_choice', 2, 'ScriptTest', NULL, 1);
INSERT INTO QuestionTranslations (question_id, language_code, question_text, explanation_detailed)
VALUES (57, 'fr', 'Tags : product_backlog, empiricism, scrum_values / multiple_choice / Difficulté 2 / PSM I / Respecter empêcher embrasser empire comme lorsque observer oh soin répandre soumettre ?', '📌 Avec curiosité minute enfin protéger pouvoir deviner ça. Supposer vers nécessaire avec expérience gouvernement être répandre là désir santé jeter surprendre fixer fou recevoir curieux acheter réveiller son chef.

💡 Exposer fermer ni terrain chef élément retomber éviter petit coucher espoir crier calmer servir dernier tuer attendre curieux dernier venir vide brûler existence quartier manquer fête tracer plus commander ruine alors.

<i>« Devant chaîne éternel saint détruire nation faire précis répondre profondément occasion pays. »</i> – Scrum Guide imaginaire');
INSERT INTO AnswerChoices (question_id, language_code, answer_text, is_correct, explanation)
VALUES
(57, 'fr', 'Vrai - Juste surveiller rocher tant', 1, 'Devoir rejoindre ailleurs fou verser je suite prévoir dehors aider clef je soirée rien nord nous partir tranquille plaindre souvenir jamais y.'),
(57, 'fr', 'Faux - Siège argent empêcher inconnu', 0, 'Esprit événement violence déclarer bureau sou tout sueur aile aile santé gros devant nature eaux course presser travail caractère défendre reposer trop devant car.'),
(57, 'fr', 'Vrai - Désigner grandir que notre histoire', 1, 'Refuser soin détruire exiger but nous discuter chat impossible soir tenter masse au même instinct petit depuis chez rare matière froid tomber triste.');
INSERT INTO QuestionTags (question_id, tag_id) VALUES (57, 8);
INSERT INTO QuestionTags (question_id, tag_id) VALUES (57, 5);
INSERT INTO QuestionTags (question_id, tag_id) VALUES (57, 1);


-- 🟩 Question 58
INSERT INTO QuestionMeta (id, question_type, difficulty_level, source, source_url, certification_id)
VALUES (58, 'single_choice', 3, 'ScriptTest', NULL, 1);
INSERT INTO QuestionTranslations (question_id, language_code, question_text, explanation_detailed)
VALUES (58, 'fr', 'Tags : scrum_values, sprint_goal / single_choice / Difficulté 3 / PSM I / Quartier entendre morceau exécuter rang suffire violent sommeil envoyer fille ?', '📌 Rideau couler visage recueillir faim théâtre lequel semblable éclat mieux. Croix vêtement recommencer entrer secours delà escalier que former aussi mort blanc tuer robe maison journal apparence endroit seulement comme voyager bataille observer soirée soldat devoir vendre.

💡 Robe art quant à arme vert impression apporter sonner souvenir leur croix respirer souvenir savoir afin de enfoncer traverser parfaitement vol parler réserver conclure près tour étaler discours emporter attirer.

<i>« Matière prêt pièce partager bientôt exposer être meilleur forcer haute nouveau bruit. »</i> – Scrum Guide imaginaire');
INSERT INTO AnswerChoices (question_id, language_code, answer_text, is_correct, explanation)
VALUES
(58, 'fr', 'Vrai - Bonheur exposer', 1, 'Réduire route couper poids large pendant marier coin porte présent pourquoi madame horizon certain donc foi cinquante confier brûler guère.'),
(58, 'fr', 'Faux - Recommencer être', 0, 'Direction lentement juste public désigner dos perdre manier vendre salle goût près croire valeur passage nouveau pur note parti raconter.'),
(58, 'fr', 'Faux - Cabinet parcourir sûr question', 0, 'Personne empêcher joindre surprendre saint comment billet cour forêt beau depuis tombe rond oublier aventure quelqu''un depuis agir vieux carte.');
INSERT INTO QuestionTags (question_id, tag_id) VALUES (58, 1);
INSERT INTO QuestionTags (question_id, tag_id) VALUES (58, 2);


-- 🟩 Question 59
INSERT INTO QuestionMeta (id, question_type, difficulty_level, source, source_url, certification_id)
VALUES (59, 'multiple_choice', 2, 'ScriptTest', NULL, 1);
INSERT INTO QuestionTranslations (question_id, language_code, question_text, explanation_detailed)
VALUES (59, 'fr', 'Tags : product_backlog, product_goal, empiricism / multiple_choice / Difficulté 2 / PSM I / Tout amener fauteuil absence justice devant échapper comment tempête donc groupe même rapporter se lumière ?', '📌 De long attaquer produire intéresser traverser profiter. Beaucoup jeune regard mal vide amener quelque heure prononcer souffler rire ligne couler prochain bande important as trésor papa fil lutter disparaître soirée membre tempête inventer surtout facile.

💡 Désormais tâche recommencer faute confiance soumettre appartenir petit vous peur figure soir là devant matin étendre offrir enfin avec dessus officier ami mariage passion distinguer asseoir aussi terre.

<i>« Durant couvrir retomber facile vaste supporter apprendre rejoindre moitié ministre. »</i> – Scrum Guide imaginaire');
INSERT INTO AnswerChoices (question_id, language_code, answer_text, is_correct, explanation)
VALUES
(59, 'fr', 'Faux - Sauter accent', 0, 'Notre envoyer curiosité surveiller préférer magnifique pain sérieux tâche éclater me genre cuisine maintenir militaire jeter tout glace car malgré blanc champ somme véritable bas.'),
(59, 'fr', 'Vrai - De femme particulier élever', 1, 'Voilà approcher terme noir page tenir frapper dormir l''une pourquoi corps digne livrer heureux serrer imposer quel voyager chute seconde.'),
(59, 'fr', 'Faux - Couche ancien', 0, 'Traiter attirer justice leur maladie poète beauté qualité noir coin mesure tombe horizon écarter portier rapidement noir haute emporter visible.'),
(59, 'fr', 'Vrai - Essayer accompagner ton', 1, 'Partager poids robe face avoir entourer couvrir effet puissance encore corde particulier réserver autre renverser selon violence attendre vrai traîner livre continuer confiance.');
INSERT INTO QuestionTags (question_id, tag_id) VALUES (59, 8);
INSERT INTO QuestionTags (question_id, tag_id) VALUES (59, 9);
INSERT INTO QuestionTags (question_id, tag_id) VALUES (59, 5);


-- 🟩 Question 60
INSERT INTO QuestionMeta (id, question_type, difficulty_level, source, source_url, certification_id)
VALUES (60, 'multiple_choice', 2, 'ScriptTest', NULL, 1);
INSERT INTO QuestionTranslations (question_id, language_code, question_text, explanation_detailed)
VALUES (60, 'fr', 'Tags : product_backlog, daily_scrum, product_goal / multiple_choice / Difficulté 2 / PSM I / Rocher briser absolu presser cour jusque peuple ce vide renoncer croire règle ?', '📌 Cheval âgé justice mur plus tête crise six écarter. Troubler simple pouvoir résister appartement fin but considérer courage état passé depuis haut prêt lutte parce que liberté avenir paysan cent éclater quelque plus défaut cercle obéir palais.

💡 Rire jeu beau commander fumer porte réduire rien vieillard etc vol déposer pas causer répéter tout armer tendre loi toucher train certain soleil rose demi oreille heureux saluer poète vérité tête.

<i>« Maintenir sous difficile vrai mêler maintenant masse observer entraîner condition. »</i> – Scrum Guide imaginaire');
INSERT INTO AnswerChoices (question_id, language_code, answer_text, is_correct, explanation)
VALUES
(60, 'fr', 'Vrai - Face public fils soin découvrir', 1, 'Classe haut battre printemps emporter que blond écrire droit lutter coup dernier histoire révéler fumer échapper rue lien plutôt compter billet.'),
(60, 'fr', 'Faux - Jeune taille propos allumer', 0, 'Cheveu soirée drame justice masse justice pauvre mais présent poids là ici ensemble arracher simple éprouver papier présent suffire traverser afin de soudain but jeu.'),
(60, 'fr', 'Vrai - Glisser fenêtre route', 1, 'Savoir employer arbre oeil maintenir puis sauter abattre dire armer tantôt armer avouer pauvre frère femme pour profondément pas secret titre éteindre état par énorme.'),
(60, 'fr', 'Vrai - Noire marier', 1, 'Choix tôt capable nombre afin de appartement falloir pitié remarquer perte avant fonder nouveau début connaissance escalier neuf mon secret recevoir.');
INSERT INTO QuestionTags (question_id, tag_id) VALUES (60, 8);
INSERT INTO QuestionTags (question_id, tag_id) VALUES (60, 3);
INSERT INTO QuestionTags (question_id, tag_id) VALUES (60, 9);


-- 🟩 Question 61
INSERT INTO QuestionMeta (id, question_type, difficulty_level, source, source_url, certification_id)
VALUES (61, 'single_choice', 2, 'ScriptTest', NULL, 1);
INSERT INTO QuestionTranslations (question_id, language_code, question_text, explanation_detailed)
VALUES (61, 'fr', 'Tags : product_backlog, sprint_goal / single_choice / Difficulté 2 / PSM I / François liberté chemise reprendre partager par honneur fleur dangereux droite ?', '📌 Décider tard manquer triste lutte amener. Vieil dur là lendemain chaîne crier travail tel meilleur haine groupe chaud marier charger seuil danser difficile préparer bonheur lutte hésiter jusque raconter présenter fin politique ressembler.

💡 Penser pouvoir pénétrer amour préférer rester interroger paupière tourner recommencer fleur trois voix recherche général armer couche espérer scène race arbre place assez chanter nourrir dernier presque fatiguer arrivée conscience règle fier art autant.

<i>« Quelque plutôt dehors étonner attention leur distinguer d''''autres terre devant rapidement. »</i> – Scrum Guide imaginaire');
INSERT INTO AnswerChoices (question_id, language_code, answer_text, is_correct, explanation)
VALUES
(61, 'fr', 'Faux - Marche résoudre blanc vif', 0, 'Garçon même drame agir payer près malgré silencieux sept cinq dessus papa allumer habitant cours bleu tendre après lisser marier impossible profondément.'),
(61, 'fr', 'Vrai - Rouge posséder dangereux', 1, 'Plaine falloir pensée bas profiter retour loin repousser rue commun droit beau beaucoup voilà place considérer avenir travers delà frapper remarquer exister cent volonté possible.'),
(61, 'fr', 'Faux - Justice qui', 0, 'Tapis nul droite étonner selon épaule plan poussière dessus mur désert relever face révéler son poste paupière appuyer terminer avec profiter honneur etc compte.');
INSERT INTO QuestionTags (question_id, tag_id) VALUES (61, 8);
INSERT INTO QuestionTags (question_id, tag_id) VALUES (61, 2);


-- 🟩 Question 62
INSERT INTO QuestionMeta (id, question_type, difficulty_level, source, source_url, certification_id)
VALUES (62, 'single_choice', 2, 'ScriptTest', NULL, 1);
INSERT INTO QuestionTranslations (question_id, language_code, question_text, explanation_detailed)
VALUES (62, 'fr', 'Tags : sprint_retrospective, product_backlog / single_choice / Difficulté 2 / PSM I / Accuser esprit parce que aile complet travail tempête journal dangereux vieux ?', '📌 Île mot moyen amour prier pendant seulement étroit long table. Calme tourner ce éteindre rencontrer prévoir du lui coucher désirer autre chute genre prêt offrir type toile ah précéder professeur entrée phrase comme.

💡 Durant français proposer planche fumée police servir lever personne émotion même vaincre hiver relever vie émotion exposer pont aide pas chanter désirer aventure françois grandir.

<i>« Dimanche brûler livre sentier habitude fauteuil bord lumière même dont heure. »</i> – Scrum Guide imaginaire');
INSERT INTO AnswerChoices (question_id, language_code, answer_text, is_correct, explanation)
VALUES
(62, 'fr', 'Faux - Pénétrer retirer saluer sombre arrêter', 0, 'Dame accepter général paraître somme violent geste déposer jeunesse papa forêt côte guerre course corde éloigner nez fuir vide parce que or quelqu''un.'),
(62, 'fr', 'Faux - Et direction partir résoudre traiter', 0, 'Certain étroit pas douze tendre pendant dent réussir d''abord saint habiter honte quartier obéir car intéresser droite suite nouveau maison souvenir court possible dont.'),
(62, 'fr', 'Vrai - Condamner etc rester', 1, 'Partager d''abord dépasser pourquoi barbe prochain ajouter supposer brusquement docteur prochain chef place fuir vie abri franc même obliger que résister comment tant juste.');
INSERT INTO QuestionTags (question_id, tag_id) VALUES (62, 7);
INSERT INTO QuestionTags (question_id, tag_id) VALUES (62, 8);


-- 🟩 Question 63
INSERT INTO QuestionMeta (id, question_type, difficulty_level, source, source_url, certification_id)
VALUES (63, 'single_choice', 3, 'ScriptTest', NULL, 1);
INSERT INTO QuestionTranslations (question_id, language_code, question_text, explanation_detailed)
VALUES (63, 'fr', 'Tags : sprint_goal, sprint_retrospective, definition_of_done / single_choice / Difficulté 3 / PSM I / Soit voisin honneur société quant à aussitôt fait saint mer aile ?', '📌 Cheval chiffre un petit crise expliquer propre. Considérer arme nous camarade espoir portier prouver plein appartenir éprouver chaise soudain imposer dire groupe fier groupe dans public faux.

💡 Violent avouer sonner passé salut supposer ministre prière obliger trace beau instant immense auquel consentir ruine commencer tromper banc oeil voir commander livre marchand immobile étonner.

<i>« En établir sentiment reconnaître l''''une flamme enfoncer forcer quitter poids malade étendre verser sauter défendre. »</i> – Scrum Guide imaginaire');
INSERT INTO AnswerChoices (question_id, language_code, answer_text, is_correct, explanation)
VALUES
(63, 'fr', 'Faux - Choisir meilleur trouver geste vue', 0, 'Nature consulter doux million vague enfin faute impression figurer religion rare complètement intérieur plaine prouver soi enfant jeune noir mauvais mon accord monde.'),
(63, 'fr', 'Faux - Barbe chien cabinet', 0, 'Public devoir juger pays danger discussion appartement apprendre il sur faire épaule bande faveur seul bon depuis volonté chercher sept politique ramasser précéder esprit.'),
(63, 'fr', 'Vrai - Échapper refuser cesser', 1, 'Seul présent trait désirer respirer espace certain aujourd''hui sorte grand compter glace compagnon remplacer dieu instant son main hauteur sommet important remettre.');
INSERT INTO QuestionTags (question_id, tag_id) VALUES (63, 2);
INSERT INTO QuestionTags (question_id, tag_id) VALUES (63, 7);
INSERT INTO QuestionTags (question_id, tag_id) VALUES (63, 4);


-- 🟩 Question 64
INSERT INTO QuestionMeta (id, question_type, difficulty_level, source, source_url, certification_id)
VALUES (64, 'boolean', 3, 'ScriptTest', NULL, 1);
INSERT INTO QuestionTranslations (question_id, language_code, question_text, explanation_detailed)
VALUES (64, 'fr', 'Tags : sprint_retrospective, empiricism, product_backlog / boolean / Difficulté 3 / PSM I / Pauvre année signifier puisque côte depuis cuisine vêtement angoisse souvenir partir très choisir chambre nécessaire ?', '📌 Route musique haut chaque sol gloire triste. Joindre animer environ auprès chien pendre désigner soutenir remettre milieu échapper détail arracher échapper réponse sentir qui feu plaisir vous politique loup.

💡 Fatigue part porter puis appartenir as dimanche fixer franc trembler complet debout si retourner demain rêve fenêtre désert disposer accord rendre vingt abattre quinze briller quatre chiffre aussi sec leur idée.

<i>« Renoncer papa ensemble aspect trace inquiétude voix présenter doute loi habiter. »</i> – Scrum Guide imaginaire');
INSERT INTO AnswerChoices (question_id, language_code, answer_text, is_correct, explanation)
VALUES
(64, 'fr', 'Faux - Surprendre habiter étrange minute blanc', 0, 'Preuve content révolution vide le chute fermer vif important tirer commencement inquiétude geste auprès peine résultat tomber sombre occasion lit droite flamme exiger ici.'),
(64, 'fr', 'Vrai - Dépasser pouvoir', 1, 'Étonner noire matin signe passion qualité magnifique pièce joindre planche sourd chemin soldat honneur sorte son construire peuple retrouver arbre.');
INSERT INTO QuestionTags (question_id, tag_id) VALUES (64, 7);
INSERT INTO QuestionTags (question_id, tag_id) VALUES (64, 5);
INSERT INTO QuestionTags (question_id, tag_id) VALUES (64, 8);


-- 🟩 Question 65
INSERT INTO QuestionMeta (id, question_type, difficulty_level, source, source_url, certification_id)
VALUES (65, 'single_choice', 2, 'ScriptTest', NULL, 1);
INSERT INTO QuestionTranslations (question_id, language_code, question_text, explanation_detailed)
VALUES (65, 'fr', 'Tags : product_goal, definition_of_done / single_choice / Difficulté 2 / PSM I / Me porter dès fixer doux douleur grave contraire en noir dormir atteindre courant digne saint ?', '📌 Également vêtement magnifique traverser pas suffire lourd but papa port. Approcher faux toucher rouge d''''autres barbe sommet aussitôt paysage deux silencieux mer exemple compagnon bureau oncle ancien sujet question porte ressembler vif.

💡 Ci présent maladie ensuite lettre peu couche envie frais baisser fixe le intelligence retourner centre riche résultat dans passé imposer veille éclater métier cela type choix avant vol découvrir prochain million reconnaître chacun ne là.

<i>« Bleu froid surveiller désormais lisser appuyer vouloir corps perdre suite rapidement. »</i> – Scrum Guide imaginaire');
INSERT INTO AnswerChoices (question_id, language_code, answer_text, is_correct, explanation)
VALUES
(65, 'fr', 'Faux - Secrétaire leur fermer', 0, 'Où enfin suite idée parvenir chant réalité étage assurer particulier succès violent long naissance tache dans ligne force mensonge point haut rappeler oublier couper.'),
(65, 'fr', 'Faux - Meilleur dominer mince peine', 0, 'Petit représenter guerre autorité malheur livrer cruel parce que le près reste couleur journal cheveu mine poste arrêter humide lune endroit noire traverser.'),
(65, 'fr', 'Vrai - Lieu pluie', 1, 'Joindre lettre aide petit personnage porte beaucoup fine sur membre occuper tirer seconde trop jusque matière entier secrétaire réel cours pencher.');
INSERT INTO QuestionTags (question_id, tag_id) VALUES (65, 9);
INSERT INTO QuestionTags (question_id, tag_id) VALUES (65, 4);


-- 🟩 Question 66
INSERT INTO QuestionMeta (id, question_type, difficulty_level, source, source_url, certification_id)
VALUES (66, 'single_choice', 2, 'ScriptTest', NULL, 1);
INSERT INTO QuestionTranslations (question_id, language_code, question_text, explanation_detailed)
VALUES (66, 'fr', 'Tags : product_goal, scrum_team, product_backlog / single_choice / Difficulté 2 / PSM I / Hiver oublier tout histoire fusil qui recherche valeur aujourd''hui essayer direction ?', '📌 Digne consulter an compter accuser franc. Soldat noir mêler précis obtenir depuis échapper travers éclater réunir conscience éternel vouloir travail présence dos perdu officier prochain mari moindre lorsque obéir voyager.

💡 Barbe trois passion beauté jouer prouver naturellement poche figurer aucun dominer simplement ainsi drame afin de énorme élément renoncer combien réel soi poussière accomplir partir partie.

<i>« Ça accord troubler noire passage quitter propos double situation oeuvre vue étage attention. »</i> – Scrum Guide imaginaire');
INSERT INTO AnswerChoices (question_id, language_code, answer_text, is_correct, explanation)
VALUES
(66, 'fr', 'Vrai - Beau cerveau surveiller apparence quartier', 1, 'Penser nouveau recueillir peu queue pointe être pas jeune contenter as billet donner décider aventure pièce chez problème droit pas désormais propre.'),
(66, 'fr', 'Faux - Rapidement oui propre prêter', 0, 'Nord étouffer fond tenter recherche expression matière cheveu nombre fumée suite train crainte nombreux acte personne importer flamme faible inquiétude satisfaire.'),
(66, 'fr', 'Faux - Chambre commander crier ruine', 0, 'Près presser affaire certain habiter remplacer crier armer fumée également crier admettre faible remarquer doux gris poète fumer neuf moyen étage.');
INSERT INTO QuestionTags (question_id, tag_id) VALUES (66, 9);
INSERT INTO QuestionTags (question_id, tag_id) VALUES (66, 10);
INSERT INTO QuestionTags (question_id, tag_id) VALUES (66, 8);


-- 🟩 Question 67
INSERT INTO QuestionMeta (id, question_type, difficulty_level, source, source_url, certification_id)
VALUES (67, 'multiple_choice', 3, 'ScriptTest', NULL, 1);
INSERT INTO QuestionTranslations (question_id, language_code, question_text, explanation_detailed)
VALUES (67, 'fr', 'Tags : product_goal / multiple_choice / Difficulté 3 / PSM I / Prouver auteur gloire politique début bord pied pousser détail oser faux rouge quart voie ?', '📌 Il travail au voir glisser. Soin feuille inquiéter large son au avance tache approcher jeunesse curieux aujourd''''hui attaquer militaire nerveux plein trembler inconnu moins compte campagne attitude repas impression endormir importer vaincre tomber.

💡 Court coûter figure user militaire maintenir temps répéter cacher principe oser fumer sang ah relation faire général santé jeune caresser inquiéter argent croix aide problème scène supposer propos répondre combat dont garde tout.

<i>« Trois groupe seconde rentrer décider foi rencontre recherche projet avoir réserver sentier. »</i> – Scrum Guide imaginaire');
INSERT INTO AnswerChoices (question_id, language_code, answer_text, is_correct, explanation)
VALUES
(67, 'fr', 'Vrai - Choix découvrir tenir douter ramasser', 1, 'Plus ouvrage absolu bois cause jeune branche troisième réalité pourtant parent soir vieux noir étoile moindre devant ville position obéir vent très mesure regretter camarade.'),
(67, 'fr', 'Faux - Pauvre confondre en aujourd''hui', 0, 'Clef réflexion sombre briller transformer combat unique humain quelqu''un éclairer mon souhaiter table quel presque examiner odeur connaissance dix rôle ouvrir image disposer curieux.'),
(67, 'fr', 'Vrai - Papa figurer réflexion heureux', 1, 'Prononcer fumée autrement fusil renverser clef courant ignorer immense franchir véritable banc respirer apercevoir anglais beauté matière pain ramener militaire haut coeur boire naturellement fait.'),
(67, 'fr', 'Faux - Mettre quatre maladie plusieurs sortir', 0, 'Se fait connaître remettre extraordinaire queue surprendre dangereux ventre type faim poussière d''abord prochain sol valoir plusieurs promener noir anglais grave battre.');
INSERT INTO QuestionTags (question_id, tag_id) VALUES (67, 9);


-- 🟩 Question 68
INSERT INTO QuestionMeta (id, question_type, difficulty_level, source, source_url, certification_id)
VALUES (68, 'multiple_choice', 2, 'ScriptTest', NULL, 1);
INSERT INTO QuestionTranslations (question_id, language_code, question_text, explanation_detailed)
VALUES (68, 'fr', 'Tags : sprint_retrospective / multiple_choice / Difficulté 2 / PSM I / Emmener moins installer départ gloire commencement capable surveiller dessus parfois glisser retrouver ?', '📌 Inquiéter capable éclairer porte journée. Quant à prochain semaine haine circonstance peine faux imposer établir bleu trait position continuer en permettre sable qui séparer choisir guère arbre parce que religion point attaquer danser.

💡 Ni idée demain fleur point défaut coeur depuis déposer secret terreur blond crise accorder tirer nombreux calme pousser pourquoi poète éloigner lequel rideau prison conscience coucher proposer donner huit clef sommeil.

<i>« Vite respirer étude étranger quartier cheveu sourire imaginer avant parvenir objet étranger. »</i> – Scrum Guide imaginaire');
INSERT INTO AnswerChoices (question_id, language_code, answer_text, is_correct, explanation)
VALUES
(68, 'fr', 'Faux - Planche former', 0, 'Famille depuis séparer personne grand résistance mentir général au soleil tour maître pont retenir etc tuer passion courant étude maintenir intention battre peuple pièce.'),
(68, 'fr', 'Vrai - Journal poète gauche', 1, 'Instant payer existence inconnu taille quatre révolution fin parfois pencher autant poser partout encore certain ennemi contenir naturel mot mariage droite lisser.'),
(68, 'fr', 'Faux - Oreille douze', 0, 'Sable temps souffrance écrire interrompre tout contenir pauvre attitude hôtel bas cas ville veiller étudier jouer couper bon continuer montagne courant espèce égal.'),
(68, 'fr', 'Vrai - Tache espérer possible sueur durer', 1, 'Retour eau moyen maintenir donc parvenir grave résistance soleil étudier bon liberté troubler dominer discuter figurer forêt subir masse tranquille foi soldat vers façon.'),
(68, 'fr', 'Faux - Particulier que autorité', 0, 'Glisser mauvais établir combat fête taire mien temps éclater course paupière ouvrage reposer au seigneur me rappeler soit beau fier il.');
INSERT INTO QuestionTags (question_id, tag_id) VALUES (68, 7);


-- 🟩 Question 69
INSERT INTO QuestionMeta (id, question_type, difficulty_level, source, source_url, certification_id)
VALUES (69, 'single_choice', 3, 'ScriptTest', NULL, 1);
INSERT INTO QuestionTranslations (question_id, language_code, question_text, explanation_detailed)
VALUES (69, 'fr', 'Tags : daily_scrum, product_goal, empiricism / single_choice / Difficulté 3 / PSM I / Transformer profiter discussion toute pourquoi autrefois aller effacer affirmer étroit demander lentement pencher désir savoir ?', '📌 Vraiment caresser tromper verre comment reculer chiffre. Tendre subir autrefois mort île réel carte bientôt combat prince ouvrir titre serrer chaîne aucun calmer révéler certainement naturel succès haute vieillard calmer souffrance paysan position sien changement quelqu''''un voisin.

💡 Déclarer espoir larme amour déchirer endormir service avant saisir crise spectacle bande courir cheval état jour davantage car quarante beau demain semblable plaisir vieil terreur bande.

<i>« Lueur court ton nu dehors obéir imaginer causer an fait reculer surveiller soumettre bouche. »</i> – Scrum Guide imaginaire');
INSERT INTO AnswerChoices (question_id, language_code, answer_text, is_correct, explanation)
VALUES
(69, 'fr', 'Faux - Beau soumettre déposer', 0, 'Livre discours faim violent oui capable peine sommeil puis prévoir abattre glace résoudre cheval confondre brûler leur fonction oh difficile art événement.'),
(69, 'fr', 'Vrai - Vrai veille année', 1, 'Pauvre terrible imposer taille causer étranger corps pensée fait payer déchirer chaîne pointe rond fois durer mort presser apparaître fille rencontre.'),
(69, 'fr', 'Faux - Venir différent mieux etc', 0, 'Aide respirer accorder montagne agiter fait craindre préférer un propos amener mois chose dangereux article goût arrêter calme commencement cher deux état papier comprendre.');
INSERT INTO QuestionTags (question_id, tag_id) VALUES (69, 3);
INSERT INTO QuestionTags (question_id, tag_id) VALUES (69, 9);
INSERT INTO QuestionTags (question_id, tag_id) VALUES (69, 5);


-- 🟩 Question 70
INSERT INTO QuestionMeta (id, question_type, difficulty_level, source, source_url, certification_id)
VALUES (70, 'boolean', 3, 'ScriptTest', NULL, 1);
INSERT INTO QuestionTranslations (question_id, language_code, question_text, explanation_detailed)
VALUES (70, 'fr', 'Tags : sprint_goal, product_goal, sprint_review / boolean / Difficulté 3 / PSM I / Servir prouver parmi depuis inconnu approcher nouveau étroit engager aider souvent demain ?', '📌 Court parfois fonction changement dimanche somme argent respecter même souvenir. Secrétaire complètement fonder muet secret famille peu importance sec sens impression foule maintenir souvenir notre exposer attention apercevoir rappeler mariage poitrine rapidement loup.

💡 Chat enfant appuyer traiter instinct tromper geste mesure ancien rose chaleur détruire égal nombre attitude représenter verre banc répéter visage présent bataille large table rejoindre soleil tendre meilleur arriver pitié delà promettre petit.

<i>« Toute compagnon etc caractère second dent honneur milieu désigner retenir que attention retirer engager. »</i> – Scrum Guide imaginaire');
INSERT INTO AnswerChoices (question_id, language_code, answer_text, is_correct, explanation)
VALUES
(70, 'fr', 'Vrai - Conclure question désigner', 1, 'Plan troubler dieu exemple déposer conscience prier fonder quart assez groupe étude billet voyager accrocher goût rare salle bonheur comment huit seuil.'),
(70, 'fr', 'Faux - Interrompre sauvage rien', 0, 'Choix type pays tapis reprendre verre musique grandir effort soudain éprouver bête ci aujourd''hui parce que ignorer humain libre jour mince quarante sonner regretter parent.');
INSERT INTO QuestionTags (question_id, tag_id) VALUES (70, 2);
INSERT INTO QuestionTags (question_id, tag_id) VALUES (70, 9);
INSERT INTO QuestionTags (question_id, tag_id) VALUES (70, 6);


-- 🟩 Question 71
INSERT INTO QuestionMeta (id, question_type, difficulty_level, source, source_url, certification_id)
VALUES (71, 'multiple_choice', 2, 'ScriptTest', NULL, 1);
INSERT INTO QuestionTranslations (question_id, language_code, question_text, explanation_detailed)
VALUES (71, 'fr', 'Tags : daily_scrum, sprint_goal / multiple_choice / Difficulté 2 / PSM I / Présent feu entraîner français ferme y résoudre juge bonheur dessus chasse blond nation propos ?', '📌 Ou endormir regard franc poche papier. Fatigue brûler rassurer réussir jeune devant trois trembler devoir printemps pourquoi vous village nord officier prêter réflexion ainsi tandis que chat fort dominer souffler.

💡 Larme couper siège nul égal ferme désespoir espace quelque suivant ignorer en santé sept principe douter forêt français gros maintenir espoir page peuple bas grand raison comprendre seconde.

<i>« Honneur composer état votre qui approcher tout hiver point terreur présence chaud son armer. »</i> – Scrum Guide imaginaire');
INSERT INTO AnswerChoices (question_id, language_code, answer_text, is_correct, explanation)
VALUES
(71, 'fr', 'Vrai - Sous service', 1, 'Convenir yeux drôle groupe mur seigneur neuf léger apporter nécessaire feuille courant sûr mur venir confier reconnaître puisque celui village demander retrouver oeuvre crise peuple.'),
(71, 'fr', 'Faux - Pont désert je vouloir', 0, 'Centre pensée imaginer souffler tourner jambe céder d''autres roche dieu continuer tendre beau afin de ailleurs école votre passage tracer entrée guère discours.'),
(71, 'fr', 'Vrai - Également comme bas drôle promener', 1, 'Réflexion environ camarade signer confondre cou aller enlever soir peser ordre obtenir petit imaginer vouloir retomber attirer fonction jouer blanc ailleurs terre brusquement neuf pourquoi.');
INSERT INTO QuestionTags (question_id, tag_id) VALUES (71, 3);
INSERT INTO QuestionTags (question_id, tag_id) VALUES (71, 2);


-- 🟩 Question 72
INSERT INTO QuestionMeta (id, question_type, difficulty_level, source, source_url, certification_id)
VALUES (72, 'multiple_choice', 2, 'ScriptTest', NULL, 1);
INSERT INTO QuestionTranslations (question_id, language_code, question_text, explanation_detailed)
VALUES (72, 'fr', 'Tags : product_goal / multiple_choice / Difficulté 2 / PSM I / Sauvage saint intérieur bas demain partout crise envoyer entrer entier pourquoi autrement être habitant parler ?', '📌 Mensonge lire hiver fine puissance à oeuvre madame. Trois rappeler ennemi nu comprendre joue puissant retour interrompre groupe faire bleu recevoir parcourir ancien briser honneur cacher quart couler qui arbre geste poitrine prendre soumettre oh bien.

💡 Justice garde traiter prononcer construire ordre as fonction général ensuite anglais champ arrivée croix faim bien avenir pendre plante autre soirée caresser clair voilà traiter créer.

<i>« Gros morceau succès garçon moins connaissance choisir soudain premier article habiller. »</i> – Scrum Guide imaginaire');
INSERT INTO AnswerChoices (question_id, language_code, answer_text, is_correct, explanation)
VALUES
(72, 'fr', 'Vrai - Froid plein voie pas grâce', 1, 'Vers dos âge parfaitement sauver pauvre pointe observer grand pleurer vêtir ombre retomber place valeur chaîne puisque espoir toujours unique suivre enfin volonté consentir fortune.'),
(72, 'fr', 'Vrai - Chaise toile court pendant naissance', 1, 'Servir mode roman retenir lire garde entier faible éternel veiller comme aimer salut fin surtout pensée digne briller portier divers.'),
(72, 'fr', 'Vrai - Cheval gagner', 1, 'Premier souhaiter traîner lueur supporter pauvre cercle remplir connaissance éclat matière seul je réalité meilleur veiller village droit retenir ouvrir mal long cas en.'),
(72, 'fr', 'Faux - Qui chemise certain éclairer', 0, 'Fermer derrière spectacle relation tel un toit valeur petit seuil tempête trésor aucun franchir verre mer son ne blond rendre témoin respirer chose seconde auprès.'),
(72, 'fr', 'Vrai - Silence ne doute femme', 1, 'Doux envelopper plutôt eau personne figure glisser âge route son permettre gens assez fauteuil former respecter précis vin depuis sauver enfant plus dieu sol exposer.');
INSERT INTO QuestionTags (question_id, tag_id) VALUES (72, 9);


-- 🟩 Question 73
INSERT INTO QuestionMeta (id, question_type, difficulty_level, source, source_url, certification_id)
VALUES (73, 'multiple_choice', 1, 'ScriptTest', NULL, 1);
INSERT INTO QuestionTranslations (question_id, language_code, question_text, explanation_detailed)
VALUES (73, 'fr', 'Tags : empiricism, scrum_team / multiple_choice / Difficulté 1 / PSM I / Histoire porter porte yeux salut étroit fonction cependant unique confier pas pièce mentir vin ?', '📌 Parfaitement village course lentement lourd. Groupe puis sentiment admettre parent plan répondre instinct cinq reste lier bout étendue pièce rideau as retomber rire moyen remplacer après nouveau gros article où plaisir soldat.

💡 Employer nation seigneur rentrer poitrine gris dame lutte vieillard longtemps forme former temps tendre agent fait par avis durer salle pluie dire sorte regarder surveiller grâce calme haute tromper claire.

<i>« Plaindre hier front verser longtemps tantôt bande bruit endormir mort nation page vague pendant. »</i> – Scrum Guide imaginaire');
INSERT INTO AnswerChoices (question_id, language_code, answer_text, is_correct, explanation)
VALUES
(73, 'fr', 'Vrai - Voici bouche retourner pensée', 1, 'Suivre sou battre petit étage manquer marcher double fonder sur fruit dormir tourner face blanc troubler prétendre émotion pourtant honneur appuyer courir reconnaître banc sable.'),
(73, 'fr', 'Vrai - Créer retomber certain réunir', 1, 'Remplir suivre elle chat trait mine réveiller plaisir saisir consentir douter disparaître cercle anglais mourir arrivée mettre confiance lèvre réalité.'),
(73, 'fr', 'Vrai - Présent conscience endormir', 1, 'Fier répandre prochain cri soin comment chair colline avance juge transformer chaise réponse fort compter fortune roman franc calme enfoncer boire.'),
(73, 'fr', 'Faux - Accompagner semaine', 0, 'Tomber appartenir nerveux très sac assez pièce commun signer dégager briser rose semaine quartier protéger minute vide chez douze trouver voie immense.');
INSERT INTO QuestionTags (question_id, tag_id) VALUES (73, 5);
INSERT INTO QuestionTags (question_id, tag_id) VALUES (73, 10);


-- 🟩 Question 74
INSERT INTO QuestionMeta (id, question_type, difficulty_level, source, source_url, certification_id)
VALUES (74, 'boolean', 2, 'ScriptTest', NULL, 1);
INSERT INTO QuestionTranslations (question_id, language_code, question_text, explanation_detailed)
VALUES (74, 'fr', 'Tags : empiricism / boolean / Difficulté 2 / PSM I / Sec meilleur expression saison amuser enfance clef bande nombreux barbe vieillard hasard âme chasser ?', '📌 Certain livre mieux femme personne pourquoi souffrir ancien trembler cri. Couler auprès jeune interroger cri prouver seuil rapide réclamer installer terre journée jeune important tôt quinze village raison faible ressembler madame chaise empire plaisir.

💡 Moment interrompre partout éternel calmer écraser clair que prêt se coup chambre ramasser simple discussion jaune rayon prison ramener rêver lorsque revoir croiser secret couleur.

<i>« Dernier grain horizon horizon émotion supposer avenir triste toit complet soulever bon branche. »</i> – Scrum Guide imaginaire');
INSERT INTO AnswerChoices (question_id, language_code, answer_text, is_correct, explanation)
VALUES
(74, 'fr', 'Vrai - Voix force inviter d''autres', 1, 'Sens sauter demande regarder intention énorme accord clef unique marquer fille apprendre propre refuser intéresser passage façon ligne lendemain reposer mine sueur nouveau.'),
(74, 'fr', 'Faux - Voici chaud', 0, 'Combat faux travailler jour vêtement exprimer falloir grand épais voie soudain toi appuyer ici lier fille mari autre sombre sentiment continuer bien rouler.');
INSERT INTO QuestionTags (question_id, tag_id) VALUES (74, 5);


-- 🟩 Question 75
INSERT INTO QuestionMeta (id, question_type, difficulty_level, source, source_url, certification_id)
VALUES (75, 'single_choice', 1, 'ScriptTest', NULL, 1);
INSERT INTO QuestionTranslations (question_id, language_code, question_text, explanation_detailed)
VALUES (75, 'fr', 'Tags : scrum_values, sprint_goal, empiricism / single_choice / Difficulté 1 / PSM I / Affirmer permettre vague cinquante poser nous rentrer ministre quelque abandonner tuer ?', '📌 Amener trou cou partir esprit enfermer pluie apercevoir réunir dent. Donner interrompre pouvoir guère cause croiser sonner faveur esprit montagne avancer science lutte échapper droit sueur rompre tour devenir faux assister choisir plonger bête poche terre.

💡 Branche éclater vieux rouge colline recevoir suite village raconter frais mourir contraire noir parcourir contraire mot pleurer note tout moyen dégager tranquille vaste attacher échapper arrivée delà votre visite centre mille marcher falloir révéler pourquoi.

<i>« Auquel user cabinet déclarer pluie accrocher dominer est ne tempête trop auprès déposer maladie. »</i> – Scrum Guide imaginaire');
INSERT INTO AnswerChoices (question_id, language_code, answer_text, is_correct, explanation)
VALUES
(75, 'fr', 'Faux - Entrée appartement désirer', 0, 'Tombe très soit voyage commun ouvrir poésie cas élément aide détruire franc mariage soldat ami doigt silence escalier mourir froid complet distinguer.'),
(75, 'fr', 'Faux - Lisser lire faveur de profondément', 0, 'Presser fil servir quitter circonstance passé principe enfermer supposer enlever cruel neuf hauteur remplir simplement content glisser nouveau as humain libre aller soirée étoile oublier.'),
(75, 'fr', 'Vrai - Folie je marier', 1, 'Digne prévenir vieux tourner qui seconde recherche intelligence juger vingt mouvement tantôt habitant fumer compagnie maintenir hauteur accent apporter enlever l''un durant apparaître presser.');
INSERT INTO QuestionTags (question_id, tag_id) VALUES (75, 1);
INSERT INTO QuestionTags (question_id, tag_id) VALUES (75, 2);
INSERT INTO QuestionTags (question_id, tag_id) VALUES (75, 5);


-- 🟩 Question 76
INSERT INTO QuestionMeta (id, question_type, difficulty_level, source, source_url, certification_id)
VALUES (76, 'boolean', 1, 'ScriptTest', NULL, 1);
INSERT INTO QuestionTranslations (question_id, language_code, question_text, explanation_detailed)
VALUES (76, 'fr', 'Tags : daily_scrum, sprint_goal / boolean / Difficulté 1 / PSM I / Vendre pouvoir condamner cou autre désir monter famille travers tout ?', '📌 Clair composer fonder hasard solitude. Pouvoir magnifique empire perdu accomplir lors âme choix bas très enfant billet arme abri seul écraser désespoir nombreux remonter souffrir.

💡 Précis lien étage famille l''''un pourquoi joie mal occuper arracher couler manquer place rouge passer compter coeur autre entraîner jouer étonner village elle mensonge paix est nous horizon dangereux président poids haut avec.

<i>« Par conclure souffrance lever moi nouveau deux étranger bas ci sueur faux. »</i> – Scrum Guide imaginaire');
INSERT INTO AnswerChoices (question_id, language_code, answer_text, is_correct, explanation)
VALUES
(76, 'fr', 'Faux - Parent jambe', 0, 'Autre et essayer moyen certainement entraîner maintenant écraser assurer vêtement décider environ accent leur cependant plusieurs droite billet poussière rappeler confiance fond armer.'),
(76, 'fr', 'Vrai - Risquer marché', 1, 'Quitter fil rouge engager fils perdu y caractère désormais témoin croiser pitié page devenir avenir troubler âge témoin seigneur mieux selon oiseau naturel camarade.');
INSERT INTO QuestionTags (question_id, tag_id) VALUES (76, 3);
INSERT INTO QuestionTags (question_id, tag_id) VALUES (76, 2);


-- 🟩 Question 77
INSERT INTO QuestionMeta (id, question_type, difficulty_level, source, source_url, certification_id)
VALUES (77, 'single_choice', 1, 'ScriptTest', NULL, 1);
INSERT INTO QuestionTranslations (question_id, language_code, question_text, explanation_detailed)
VALUES (77, 'fr', 'Tags : product_goal, scrum_team, definition_of_done / single_choice / Difficulté 1 / PSM I / Deux officier durant phrase que préférer dire fuir oreille maintenant ?', '📌 Solitude en entraîner puisque depuis. Projet expliquer guère user risquer fonction satisfaire menacer ouvert neuf pont nuit bord rapidement permettre professeur croire de plusieurs tuer bon lieu signe calmer marier.

💡 Ci tantôt alors croix chasser dur souffler machine minute monde forme rapporter paquet pluie vert cesse meilleur songer curiosité assister discuter voile conseil parce que éclairer roi dernier tapis lors bout emporter fauteuil entraîner manier malade.

<i>« Abandonner envelopper obliger fait sûr ancien compter mille sec décrire tard froid éclat remplir. »</i> – Scrum Guide imaginaire');
INSERT INTO AnswerChoices (question_id, language_code, answer_text, is_correct, explanation)
VALUES
(77, 'fr', 'Vrai - Personne pleurer extraordinaire propre', 1, 'Cheval mot siècle camarade quarante voilà court oeil avis vin désirer pendre fort cours inquiéter moins tourner remplacer jamais monsieur matin apercevoir.'),
(77, 'fr', 'Faux - Assurer début quarante défaut faute', 0, 'Objet diriger douleur seconde avec venir point troisième objet soirée quel intérieur cours matière asseoir endroit si vue promener mener réserver risquer politique.'),
(77, 'fr', 'Faux - Inquiétude religion morceau durer', 0, 'Énorme alors erreur oncle calmer réalité précipiter voilà rose exemple façon drame course flot famille trembler engager posséder dent libre.');
INSERT INTO QuestionTags (question_id, tag_id) VALUES (77, 9);
INSERT INTO QuestionTags (question_id, tag_id) VALUES (77, 10);
INSERT INTO QuestionTags (question_id, tag_id) VALUES (77, 4);


-- 🟩 Question 78
INSERT INTO QuestionMeta (id, question_type, difficulty_level, source, source_url, certification_id)
VALUES (78, 'single_choice', 2, 'ScriptTest', NULL, 1);
INSERT INTO QuestionTranslations (question_id, language_code, question_text, explanation_detailed)
VALUES (78, 'fr', 'Tags : sprint_goal, daily_scrum, sprint_retrospective / single_choice / Difficulté 2 / PSM I / Arbre inutile préparer partir combat fier papier courant recommencer de feu accorder songer ?', '📌 Pleurer car soleil tour de secret montrer haut juger facile. Disposer passion retour cher dessus rouge accepter an ville forêt président sujet risquer théâtre intention nuit certain ailleurs jeune je éclairer fort compagnon serrer semblable entourer maison blanc également dépasser.

💡 Vendre habitant système recommencer durer épais noir compte état comment personne contraire expression demain importance commencer représenter craindre fil revenir retenir imposer on or intérêt question unique diriger nature flamme séparer sortir ramasser.

<i>« Conscience espoir tout cercle chaise rocher armée impossible partie environ. »</i> – Scrum Guide imaginaire');
INSERT INTO AnswerChoices (question_id, language_code, answer_text, is_correct, explanation)
VALUES
(78, 'fr', 'Faux - Amuser bonheur', 0, 'Depuis demain troisième est demande habitant sou moi suite siège mariage brusquement exposer retour chasse morceau genou parmi art voile paysage supposer.'),
(78, 'fr', 'Faux - Apparence accompagner faim atteindre rouge', 0, 'Intéresser révéler fille livre chambre libre yeux extraordinaire crainte compagnie rare nécessaire volonté ruine naissance herbe calme coin colère quinze mien contre appartenir.'),
(78, 'fr', 'Vrai - Existence direction marier', 1, 'Robe cesse prévenir obliger membre remarquer ton embrasser vivre fixe danger personne exister réclamer spectacle doute huit attirer système salle genre devenir reste.');
INSERT INTO QuestionTags (question_id, tag_id) VALUES (78, 2);
INSERT INTO QuestionTags (question_id, tag_id) VALUES (78, 3);
INSERT INTO QuestionTags (question_id, tag_id) VALUES (78, 7);


-- 🟩 Question 79
INSERT INTO QuestionMeta (id, question_type, difficulty_level, source, source_url, certification_id)
VALUES (79, 'single_choice', 1, 'ScriptTest', NULL, 1);
INSERT INTO QuestionTranslations (question_id, language_code, question_text, explanation_detailed)
VALUES (79, 'fr', 'Tags : sprint_review / single_choice / Difficulté 1 / PSM I / Animer mur président naturellement voilà chanter pierre usage dessus campagne ?', '📌 Rencontre eaux réveiller sous avant paupière douceur. Oncle bruit point compter cri droit consulter maladie consulter maison rien hauteur poitrine fier attaquer miser bord disposer patron serrer prix événement pencher cour enlever curiosité.

💡 Extraordinaire certain couleur précieux décrire long moi auteur absence compagnie glisser demi comment nécessaire ventre connaître courir indiquer rang préparer inquiétude créer fruit médecin possible race morceau dès monter voisin.

<i>« Poésie revoir habitant jeune le cuisine long fine passer hors construire combat dernier installer théâtre. »</i> – Scrum Guide imaginaire');
INSERT INTO AnswerChoices (question_id, language_code, answer_text, is_correct, explanation)
VALUES
(79, 'fr', 'Faux - Croix petit que', 0, 'Comme siège élever témoin journal prochain profondément depuis huit avant heureux mot goût habitant devenir plonger fleur y renoncer matière défendre importer autrefois.'),
(79, 'fr', 'Faux - Voici surtout crise', 0, 'Pas doigt vif jardin but lit désir compte immense papier reculer saison franc mois soir respirer clef charger aller système trésor également tel.'),
(79, 'fr', 'Vrai - Suite question savoir à rendre', 1, 'Queue cause barbe charge parler cercle avoir français inquiéter moitié avance renverser but liberté mal âge taille grandir lier marchand recherche davantage.');
INSERT INTO QuestionTags (question_id, tag_id) VALUES (79, 6);


-- 🟩 Question 80
INSERT INTO QuestionMeta (id, question_type, difficulty_level, source, source_url, certification_id)
VALUES (80, 'boolean', 2, 'ScriptTest', NULL, 1);
INSERT INTO QuestionTranslations (question_id, language_code, question_text, explanation_detailed)
VALUES (80, 'fr', 'Tags : product_backlog / boolean / Difficulté 2 / PSM I / Soumettre table vers rejoindre éclairer rassurer accord animer surtout donner soldat parole ?', '📌 Lever dans certain consulter voiture puissant sourd. Silence jeune toucher fort présenter diriger représenter ministre agent moitié demi crier où taire couvrir chemise quoi paix tromper manier faire votre déposer composer époque chaque.

💡 Grand énorme palais casser demeurer âgé tombe chef espoir environ endroit corde contenir courage fermer nature droite passage salut honte confondre étudier police mince sens.

<i>« Pareil quinze chasse confondre attitude dominer court car large dimanche famille danser sûr. »</i> – Scrum Guide imaginaire');
INSERT INTO AnswerChoices (question_id, language_code, answer_text, is_correct, explanation)
VALUES
(80, 'fr', 'Faux - Prévoir sonner pied exiger', 0, 'Comme occasion cher expérience vert puisque si confiance grave debout entre mêler beaucoup avant savoir mais chanter ami histoire vite.'),
(80, 'fr', 'Vrai - Son taille', 1, 'Coup groupe saison moment droite figurer note prêt sauvage dessus enfant penser famille sentier temps véritable en vivre blanc avenir vite feuille façon non.');
INSERT INTO QuestionTags (question_id, tag_id) VALUES (80, 8);


-- 🟩 Question 81
INSERT INTO QuestionMeta (id, question_type, difficulty_level, source, source_url, certification_id)
VALUES (81, 'multiple_choice', 2, 'ScriptTest', NULL, 1);
INSERT INTO QuestionTranslations (question_id, language_code, question_text, explanation_detailed)
VALUES (81, 'fr', 'Tags : product_backlog, empiricism / multiple_choice / Difficulté 2 / PSM I / Désirer mesure entre finir chacun signe prétendre haine dehors droit unique pénétrer bras acte fille ?', '📌 Docteur inviter casser autorité police fortune croiser. Solitude groupe est regretter entendre solitude fatigue agiter trou rôle calme tel agir absolument françois billet possible leur déclarer supérieur.

💡 Condamner quand mien or pouvoir considérer conscience race petit remettre encore véritable somme plaine retour rejoindre celui contenir intérieur précipiter émotion bas dimanche victime construire risquer fille visible faute faire autre magnifique drame feuille.

<i>« Simplement chant faible secours relation consulter parent phrase police coûter travail noir voile. »</i> – Scrum Guide imaginaire');
INSERT INTO AnswerChoices (question_id, language_code, answer_text, is_correct, explanation)
VALUES
(81, 'fr', 'Vrai - Rayon apporter demande de', 1, 'Gloire succès salle bon passion compagnon que lire dix veille au dès repas simple action chez chaîne riche chacun besoin prétendre élément trait mourir tromper.'),
(81, 'fr', 'Vrai - Aile ça neuf accompagner douze', 1, 'Ennemi caresser cheveu causer jardin froid mourir distinguer type réfléchir action drame maison métier bas naturel entendre existence moyen pour pour fine précéder maladie gris.'),
(81, 'fr', 'Faux - Rejeter diriger', 0, 'Tache presser larme hésiter occuper souhaiter roman joue alors malade premier front mari marchand semblable prince blanc dont santé quatre question silencieux saint.'),
(81, 'fr', 'Vrai - Là poursuivre', 1, 'Peine parvenir tapis veille confiance vingt vision bras genou avancer dehors oser delà toile elle bas classe gloire seigneur jeu aller.');
INSERT INTO QuestionTags (question_id, tag_id) VALUES (81, 8);
INSERT INTO QuestionTags (question_id, tag_id) VALUES (81, 5);


-- 🟩 Question 82
INSERT INTO QuestionMeta (id, question_type, difficulty_level, source, source_url, certification_id)
VALUES (82, 'multiple_choice', 1, 'ScriptTest', NULL, 1);
INSERT INTO QuestionTranslations (question_id, language_code, question_text, explanation_detailed)
VALUES (82, 'fr', 'Tags : scrum_team, empiricism, definition_of_done / multiple_choice / Difficulté 1 / PSM I / Repas trop importance musique endroit premier inconnu idée pareil règle ?', '📌 Victime prince ciel bon curiosité. Plutôt mauvais moment donner se détacher mal revoir figure rouge succès entre vie vingt ramener engager route seigneur terreur lettre glisser accent ligne presque.

💡 Quant à nourrir coûter aide accomplir appeler deux figurer puis jaune côte extraordinaire moyen parmi mari tombe commun sommeil port libre ensemble mon qui gauche accord désormais argent remplacer pain conclure posséder colon être abri.

<i>« Avancer droite bataille couler ouvrir chemin soin manger commencer échapper. »</i> – Scrum Guide imaginaire');
INSERT INTO AnswerChoices (question_id, language_code, answer_text, is_correct, explanation)
VALUES
(82, 'fr', 'Vrai - Roman attirer éprouver', 1, 'Comprendre lettre écarter ressembler capable particulier rentrer rang au phrase intérêt poursuivre vieux détail sûr nourrir céder dans profondément fine là mentir presser attendre.'),
(82, 'fr', 'Faux - Mariage tôt poussière donner', 0, 'Au enfermer besoin indiquer résoudre semaine fixer cela travailler partie enfin perte comment époque nerveux service paraître long an dimanche.'),
(82, 'fr', 'Vrai - Type précipiter dominer où rare', 1, 'Famille hier vieil demander delà aussi ailleurs commencement entre école race montagne égal silencieux confiance politique semblable poche dix queue.');
INSERT INTO QuestionTags (question_id, tag_id) VALUES (82, 10);
INSERT INTO QuestionTags (question_id, tag_id) VALUES (82, 5);
INSERT INTO QuestionTags (question_id, tag_id) VALUES (82, 4);


-- 🟩 Question 83
INSERT INTO QuestionMeta (id, question_type, difficulty_level, source, source_url, certification_id)
VALUES (83, 'boolean', 2, 'ScriptTest', NULL, 1);
INSERT INTO QuestionTranslations (question_id, language_code, question_text, explanation_detailed)
VALUES (83, 'fr', 'Tags : sprint_retrospective / boolean / Difficulté 2 / PSM I / Quartier bête habiller nature haut foule poche sérieux plaisir fuir ministre mien ?', '📌 Marche intérieur mieux eaux clef dessus partie fer. Pouvoir foule carte maladie acte travail vérité dessiner garder fatiguer animal juger comme poussière vaincre dent compagnie découvrir arrière interrompre point chien ordre lit passion ligne hiver ruine animer.

💡 Ton neuf entier abattre note trait santé musique fumer visite réel moyen défendre objet membre tête jambe paysage étendue son patron lisser mari réserver naissance de silence pont.

<i>« Personnage cent recommencer faux prier environ crier chiffre amour considérer payer recommencer. »</i> – Scrum Guide imaginaire');
INSERT INTO AnswerChoices (question_id, language_code, answer_text, is_correct, explanation)
VALUES
(83, 'fr', 'Faux - Gris pièce noire', 0, 'Respecter armée neuf attacher sol village contre il courage ensuite agiter inventer apparaître convenir supposer chambre plein arrière bas deviner chaleur beaucoup monde diriger.'),
(83, 'fr', 'Vrai - Miser essayer consulter lit rendre', 1, 'Fruit traîner chat accuser terminer robe résistance détruire non doucement sentir tout jour souvent dos froid impossible preuve nord pluie.');
INSERT INTO QuestionTags (question_id, tag_id) VALUES (83, 7);


-- 🟩 Question 84
INSERT INTO QuestionMeta (id, question_type, difficulty_level, source, source_url, certification_id)
VALUES (84, 'boolean', 2, 'ScriptTest', NULL, 1);
INSERT INTO QuestionTranslations (question_id, language_code, question_text, explanation_detailed)
VALUES (84, 'fr', 'Tags : definition_of_done / boolean / Difficulté 2 / PSM I / Souffrir étaler écouter égal docteur autrefois essayer demi ça trente ?', '📌 Source personnage que on acheter vif soudain visage. Beaux décider santé drame arrêter enfin chat mauvais bien minute tourner sourire pauvre couler neuf arrière étaler nation humide verser aller vieil maladie poursuivre pensée juge abattre planche continuer venir.

💡 Fin règle temps précéder contenir cause mauvais train ni petit aucun rien planche étoile le parti dormir vite train travail calmer voyage grandir parvenir billet trois.

<i>« Tantôt suite beau complètement gloire haïr froid répéter jeu haut. »</i> – Scrum Guide imaginaire');
INSERT INTO AnswerChoices (question_id, language_code, answer_text, is_correct, explanation)
VALUES
(84, 'fr', 'Faux - Famille noir pouvoir confiance', 0, 'Mal prêt sauver proposer tourner planche réclamer million horizon autrefois mener plaindre debout dernier léger vie doigt suffire dur proposer professeur user à part soldat.'),
(84, 'fr', 'Vrai - Beau étage rang bien face', 1, 'Comprendre presque déclarer plante recueillir milieu recommencer étonner aventure celui chemin conduire du mort sous doigt d''autres absolument autour horizon silencieux.');
INSERT INTO QuestionTags (question_id, tag_id) VALUES (84, 4);


-- 🟩 Question 85
INSERT INTO QuestionMeta (id, question_type, difficulty_level, source, source_url, certification_id)
VALUES (85, 'boolean', 3, 'ScriptTest', NULL, 1);
INSERT INTO QuestionTranslations (question_id, language_code, question_text, explanation_detailed)
VALUES (85, 'fr', 'Tags : definition_of_done, product_goal / boolean / Difficulté 3 / PSM I / Dame double deviner consentir fin aller goutte amuser essayer y campagne ?', '📌 Chien paupière fois après sept remettre. Campagne inquiéter que pourquoi sol enfoncer île commencement pensée espoir sable environ noir sec ombre décrire second escalier vide tracer société remonter ville détruire frère police.

💡 Tel tracer animer appuyer sien pays sujet vêtir scène matin tu prêter doute train accepter lettre inspirer bon apprendre résultat chute accrocher folie non recherche.

<i>« Éclairer tapis reculer fortune angoisse maître simplement esprit beau parent. »</i> – Scrum Guide imaginaire');
INSERT INTO AnswerChoices (question_id, language_code, answer_text, is_correct, explanation)
VALUES
(85, 'fr', 'Faux - Figure posséder toi nourrir savoir', 0, 'Inutile nerveux voler geste poche aller dernier hors cela madame armer curieux voisin jaune simplement avoir loin un égal expérience déclarer plonger.'),
(85, 'fr', 'Vrai - Jouer frère condamner prochain complet', 1, 'Masse parmi banc état appel espérer mentir coucher dix lorsque protéger chant employer prendre être sommeil guère haut nombre enfoncer.');
INSERT INTO QuestionTags (question_id, tag_id) VALUES (85, 4);
INSERT INTO QuestionTags (question_id, tag_id) VALUES (85, 9);


-- 🟩 Question 86
INSERT INTO QuestionMeta (id, question_type, difficulty_level, source, source_url, certification_id)
VALUES (86, 'single_choice', 1, 'ScriptTest', NULL, 1);
INSERT INTO QuestionTranslations (question_id, language_code, question_text, explanation_detailed)
VALUES (86, 'fr', 'Tags : product_goal / single_choice / Difficulté 1 / PSM I / Haine petit penser acheter trace plaindre recherche poursuivre tranquille soi voix ?', '📌 Faim pierre désirer asseoir classe. Secours vous couche fond révéler toute remercier propre signer vêtement chef terreur vieux existence relever vieillard signifier rang médecin confiance manier gros attention choisir environ secrétaire inventer dent cheval empêcher.

💡 Profond avec neuf toujours respect mon attaquer avouer plein descendre glace étaler victime doute répandre monter sourire chemise répandre distinguer asseoir arriver instinct fatiguer ministre spectacle social.

<i>« Santé fonder aspect intérieur oublier mort tenir grâce autant maintenant chant saisir. »</i> – Scrum Guide imaginaire');
INSERT INTO AnswerChoices (question_id, language_code, answer_text, is_correct, explanation)
VALUES
(86, 'fr', 'Faux - Aider toucher aimer visite mal', 0, 'Siècle condamner mémoire habiter faire consentir déjà expression quelque placer continuer oeuvre bonheur troisième vivant hiver renoncer yeux voyage calmer impossible lettre reconnaître forêt frère.'),
(86, 'fr', 'Faux - Sable vie plan jeune', 0, 'Matière décrire lieu ligne tache crise oublier franc enfance chance plutôt souvenir ici père calmer fortune anglais siècle couleur sourire indiquer lorsque avancer crise temps.'),
(86, 'fr', 'Vrai - Mille reposer toucher', 1, 'Habitant curiosité blond de même partager nouveau on classe au appartement soulever finir ajouter plaisir seulement fond aider rencontre vert.');
INSERT INTO QuestionTags (question_id, tag_id) VALUES (86, 9);


-- 🟩 Question 87
INSERT INTO QuestionMeta (id, question_type, difficulty_level, source, source_url, certification_id)
VALUES (87, 'single_choice', 1, 'ScriptTest', NULL, 1);
INSERT INTO QuestionTranslations (question_id, language_code, question_text, explanation_detailed)
VALUES (87, 'fr', 'Tags : empiricism / single_choice / Difficulté 1 / PSM I / Mauvais curieux je soleil jardin admettre important tout certain répéter humain rose éprouver système apporter ?', '📌 Sonner oreille moindre plaisir disparaître. Drôle trait choisir le douceur d''''autres courant vérité fatigue offrir oeuvre violent ceci sommeil reprendre figurer aller demande haute accepter sauvage.

💡 Toujours foule désert souffler poète devoir pièce dernier partout votre impossible que appeler bien rendre avoir famille énergie entendre voisin clef assurer comment ville gris étonner vieillard sûr accorder muet.

<i>« Déposer lever que journal voir choix nez violent moment pareil soumettre l''''une main. »</i> – Scrum Guide imaginaire');
INSERT INTO AnswerChoices (question_id, language_code, answer_text, is_correct, explanation)
VALUES
(87, 'fr', 'Vrai - Vite doigt nouveau', 1, 'Nu bord ensuite selon ah exister reste gauche reculer compte rencontre début dame sans protéger relever police livrer lueur aventure tout.'),
(87, 'fr', 'Faux - Maladie social président produire', 0, 'Indiquer capable chef endroit aujourd''hui rester interrompre huit portier pied vous contenir trop soin bouche théâtre noire vieux terrain forêt marché empêcher éprouver personne bon.'),
(87, 'fr', 'Faux - Aile armer', 0, 'Rocher volonté depuis éteindre car sourire vouloir à personne éclairer intérieur porter race réunir accorder reconnaître bande depuis pendant supposer.');
INSERT INTO QuestionTags (question_id, tag_id) VALUES (87, 5);


-- 🟩 Question 88
INSERT INTO QuestionMeta (id, question_type, difficulty_level, source, source_url, certification_id)
VALUES (88, 'multiple_choice', 1, 'ScriptTest', NULL, 1);
INSERT INTO QuestionTranslations (question_id, language_code, question_text, explanation_detailed)
VALUES (88, 'fr', 'Tags : sprint_retrospective / multiple_choice / Difficulté 1 / PSM I / Proposer hôtel hasard attacher fond ennemi terme conversation accent saison souffrance coin honte ?', '📌 Peuple pour beau apprendre course terme désespoir. Recevoir d''''autres condition douleur année sentir décrire corps spectacle creuser suite hésiter pendre monter condition avant tellement voisin espèce puisque fait trois hasard taille force.

💡 Maintenant sourire brûler exister couleur satisfaire étrange rouge indiquer deviner propre mariage sonner peuple larme précis briser achever dos absence couvrir rien condamner quelqu''''un chercher ramener riche mauvais charger que.

<i>« Étranger doux puis calme nuit autre fort vers queue trente ton général. »</i> – Scrum Guide imaginaire');
INSERT INTO AnswerChoices (question_id, language_code, answer_text, is_correct, explanation)
VALUES
(88, 'fr', 'Vrai - Intelligence peu étude fonder', 1, 'Cent tenter agir famille poser pitié remplir occuper choix on chance art vérité lisser plonger résoudre vendre absolu mort tu.'),
(88, 'fr', 'Vrai - Précieux répandre pencher', 1, 'Voyager vieillard de au pièce sembler faible inventer être agir aussi plante muet prêt toujours personnage déjà autrement rencontre vérité approcher lutte.'),
(88, 'fr', 'Faux - Arrêter passé recherche', 0, 'Vingt sien étudier caresser soi obtenir faible quelqu''un trace vers parler avec valoir sueur rappeler placer grain peau cri comprendre immense six froid remarquer habitude.');
INSERT INTO QuestionTags (question_id, tag_id) VALUES (88, 7);


-- 🟩 Question 89
INSERT INTO QuestionMeta (id, question_type, difficulty_level, source, source_url, certification_id)
VALUES (89, 'multiple_choice', 3, 'ScriptTest', NULL, 1);
INSERT INTO QuestionTranslations (question_id, language_code, question_text, explanation_detailed)
VALUES (89, 'fr', 'Tags : definition_of_done, scrum_team, sprint_retrospective / multiple_choice / Difficulté 3 / PSM I / Planche secret ignorer drame attendre toit suite sentier reposer supposer étudier ligne étage après ?', '📌 Cinquante grand impression printemps repas cruel fortune prêt en saint. Plein mémoire rouge courage exprimer dangereux maison chasser éternel nuage surprendre ramasser ah aucun proposer cacher ombre notre art course charge deviner quinze construire neuf succès mort.

💡 Larme ensuite source finir tuer son contenir beauté profondément inutile chasse presser prévenir emporter inconnu état milieu habiller rapidement falloir baisser homme connaître autre couleur faveur.

<i>« Assister étoile rendre médecin cesse étaler au route pas d''''autres haut. »</i> – Scrum Guide imaginaire');
INSERT INTO AnswerChoices (question_id, language_code, answer_text, is_correct, explanation)
VALUES
(89, 'fr', 'Faux - Vingt dès plante vent nuit', 0, 'Temps traiter paquet complètement escalier point haut sommet frapper larme dernier semaine dix somme petit charge au bas dernier année.'),
(89, 'fr', 'Vrai - Vivant possible observer', 1, 'Image taille comme nu remettre devant autre hiver devenir pièce habitude dont sourire revenir hier le mince état garçon travers appeler vraiment chasse idée durer.'),
(89, 'fr', 'Vrai - Bout aider partout valoir non', 1, 'Parvenir enfant quel attitude aussitôt fer promettre habiter flot parti travail chute lieu pointe service mais intention occuper il manquer femme élément mal.'),
(89, 'fr', 'Faux - Retour vivant odeur sembler observer', 0, 'Côté selon lettre large rond si robe moindre cher votre compte assez mieux charge peau celui court intelligence terreur comprendre agiter debout chambre élever ailleurs.'),
(89, 'fr', 'Vrai - Nous pas', 1, 'Médecin charge remplir hôtel de sourire vivant vêtir tout ensuite jeune demain valoir entre comment prévoir auprès le sur heure victime simple quelque complet.');
INSERT INTO QuestionTags (question_id, tag_id) VALUES (89, 4);
INSERT INTO QuestionTags (question_id, tag_id) VALUES (89, 10);
INSERT INTO QuestionTags (question_id, tag_id) VALUES (89, 7);


-- 🟩 Question 90
INSERT INTO QuestionMeta (id, question_type, difficulty_level, source, source_url, certification_id)
VALUES (90, 'multiple_choice', 1, 'ScriptTest', NULL, 1);
INSERT INTO QuestionTranslations (question_id, language_code, question_text, explanation_detailed)
VALUES (90, 'fr', 'Tags : product_goal, sprint_review, sprint_retrospective / multiple_choice / Difficulté 1 / PSM I / Inventer défaut grain pièce lueur puis avant immense creuser roman rester après cabinet ?', '📌 Couvrir fatigue le accent le cependant vie aucun armée. Dire gris sable arrière seuil cher nommer marché autre froid avancer plaire respirer pain accorder relation surtout manquer appuyer bataille former témoin recherche billet diriger lien situation battre contenter politique.

💡 Signifier oublier vouloir trop préparer comme fuir bientôt dire sur fixe souhaiter large auprès haut venir qualité anglais pointe palais un grâce propre faire refuser révolution parole placer partir soin je système cause race.

<i>« Saisir signer comme arme corde fleur nourrir ne trente blanc mois rompre. »</i> – Scrum Guide imaginaire');
INSERT INTO AnswerChoices (question_id, language_code, answer_text, is_correct, explanation)
VALUES
(90, 'fr', 'Vrai - Secours chaleur', 1, 'Situation demander bon tête en face réflexion agiter voler immobile si élément âge occuper rejeter consulter saluer riche poussière jouer tirer rideau.'),
(90, 'fr', 'Vrai - Lèvre manger entrer', 1, 'Déchirer cercle distance occasion fou porte recueillir ville train dieu emmener couper horizon succès rouge droit employer auquel accent rencontrer simplement beau.'),
(90, 'fr', 'Faux - Défaut plaindre', 0, 'Défaut comme souhaiter delà songer bas mince rompre bruit vert paysan confier charge énorme étudier fortune cruel arbre pensée nuage.');
INSERT INTO QuestionTags (question_id, tag_id) VALUES (90, 9);
INSERT INTO QuestionTags (question_id, tag_id) VALUES (90, 6);
INSERT INTO QuestionTags (question_id, tag_id) VALUES (90, 7);


-- 🟩 Question 91
INSERT INTO QuestionMeta (id, question_type, difficulty_level, source, source_url, certification_id)
VALUES (91, 'boolean', 1, 'ScriptTest', NULL, 1);
INSERT INTO QuestionTranslations (question_id, language_code, question_text, explanation_detailed)
VALUES (91, 'fr', 'Tags : product_backlog / boolean / Difficulté 1 / PSM I / À aider ferme éclat froid heureux émotion comment promener si courant naturellement rien recherche ?', '📌 Prévenir savoir vague image calme. Devoir justice puissant race lutte de appartement meilleur céder durant ciel noire nommer interrompre environ lever frapper mille si avouer fonder enfin armer.

💡 Tromper honneur avec éclater courir souffrance bande colère suivre habitude immobile deux inquiétude acheter foule baisser note visible espoir matière monde valoir même ignorer chair absence défaut musique couler français repousser énorme genou serrer.

<i>« Bureau souffrir noire sans cri juste voisin dix jambe circonstance servir. »</i> – Scrum Guide imaginaire');
INSERT INTO AnswerChoices (question_id, language_code, answer_text, is_correct, explanation)
VALUES
(91, 'fr', 'Vrai - Résoudre droit surtout recherche loup', 1, 'Chambre noir composer près neuf quelque présenter voilà être nombre foi écrire plonger classe beau reconnaître fatiguer presser fort tantôt rayon patron bien fin parler.'),
(91, 'fr', 'Faux - Recevoir clair', 0, 'Représenter table prononcer paquet prison immobile prêt danser année habiller éviter cher commun droit sentiment pauvre pur résoudre traiter où.');
INSERT INTO QuestionTags (question_id, tag_id) VALUES (91, 8);


-- 🟩 Question 92
INSERT INTO QuestionMeta (id, question_type, difficulty_level, source, source_url, certification_id)
VALUES (92, 'multiple_choice', 1, 'ScriptTest', NULL, 1);
INSERT INTO QuestionTranslations (question_id, language_code, question_text, explanation_detailed)
VALUES (92, 'fr', 'Tags : sprint_review, scrum_team, sprint_goal / multiple_choice / Difficulté 1 / PSM I / Race manier offrir douze mode siècle rapidement toile inconnu toi égal joli envie blanc réponse ?', '📌 Journal trop celui départ oh usage fenêtre. Avant terminer fil rire intelligence posséder révolution mode pays quand ensemble vêtement parfois distinguer toute ramener ligne marchand objet coucher.

💡 Regretter branche glisser confier matin froid rassurer haut service travailler vingt nord dimanche bras action certain obliger également glace désigner juger sentir on but après lutter marquer terrible avancer.

<i>« Puisque serrer réclamer briller étaler par saison étaler silence qui passer. »</i> – Scrum Guide imaginaire');
INSERT INTO AnswerChoices (question_id, language_code, answer_text, is_correct, explanation)
VALUES
(92, 'fr', 'Vrai - Poser étouffer rôle roi froid', 1, 'Tour morceau passage santé pays mériter couvrir moment auprès devenir si plaindre vrai arrière détail dernier gens mémoire arriver aujourd''hui distance fermer fort tant père.'),
(92, 'fr', 'Vrai - Colère lentement mine pendant', 1, 'Voisin arracher étendre que pitié franc oublier souhaiter près mettre sortir sous plus résister quand aile fou jusque main seuil mien.'),
(92, 'fr', 'Faux - Valeur même retourner vendre', 0, 'Cours vol poser ressembler argent abandonner jeune vers religion ni déchirer aider preuve oiseau accuser lutter vraiment figurer femme impression marche juste histoire visage.'),
(92, 'fr', 'Faux - Bleu réalité parti mariage', 0, 'Sauvage réel aussitôt nuit en blanc dessus occasion importance nerveux coin pencher partout fort reprendre absence conscience sommeil instinct simplement tantôt remplir lettre vieil.'),
(92, 'fr', 'Faux - Vaste serrer instinct', 0, 'Chasser instant autour malheur près entraîner vague saisir poésie rendre payer douze terrain vivant charge accomplir étranger mauvais relever terme rose discuter lui.');
INSERT INTO QuestionTags (question_id, tag_id) VALUES (92, 6);
INSERT INTO QuestionTags (question_id, tag_id) VALUES (92, 10);
INSERT INTO QuestionTags (question_id, tag_id) VALUES (92, 2);


-- 🟩 Question 93
INSERT INTO QuestionMeta (id, question_type, difficulty_level, source, source_url, certification_id)
VALUES (93, 'single_choice', 2, 'ScriptTest', NULL, 1);
INSERT INTO QuestionTranslations (question_id, language_code, question_text, explanation_detailed)
VALUES (93, 'fr', 'Tags : definition_of_done, scrum_team / single_choice / Difficulté 2 / PSM I / Dépasser curiosité lumière inspirer soirée épaule patron fils chef preuve grave ?', '📌 Discuter aucun soleil race rayon rose contenir. Blanc absence signer forêt mouvement gouvernement milieu but lorsque marier étage respecter lui finir sauver chemin ami déchirer table condamner dehors rose nul là raconter résoudre.

💡 Paquet pareil commencement cerveau paysage devoir jeune quoi fumée relever briller fil glace connaissance hôtel vague vision acte mode court curiosité terme remettre frapper voici sorte devoir poche employer rencontre siècle noir.

<i>« Accrocher confondre mari remercier ramener nouveau boire absolument soldat sac étude crier fruit conseil. »</i> – Scrum Guide imaginaire');
INSERT INTO AnswerChoices (question_id, language_code, answer_text, is_correct, explanation)
VALUES
(93, 'fr', 'Faux - Fermer moment', 0, 'Miser rire souffrir train mais ancien lui salle l''une paupière capable odeur douter tantôt pour quel importer trouver l''une paysan.'),
(93, 'fr', 'Faux - Véritable mal seuil', 0, 'Bas rapidement ministre d''autres trait effacer être rapide cesser rouge résistance premier désert brusquement classe découvrir sens type lier chaleur rêve remarquer.'),
(93, 'fr', 'Vrai - Trois pousser', 1, 'Répondre croire dominer madame moins votre détacher ombre circonstance étoile suivant dehors théâtre moment devoir gauche savoir seconde tromper livrer dresser.');
INSERT INTO QuestionTags (question_id, tag_id) VALUES (93, 4);
INSERT INTO QuestionTags (question_id, tag_id) VALUES (93, 10);


-- 🟩 Question 94
INSERT INTO QuestionMeta (id, question_type, difficulty_level, source, source_url, certification_id)
VALUES (94, 'boolean', 2, 'ScriptTest', NULL, 1);
INSERT INTO QuestionTranslations (question_id, language_code, question_text, explanation_detailed)
VALUES (94, 'fr', 'Tags : definition_of_done / boolean / Difficulté 2 / PSM I / Situation dresser hors paysage accent poche cri commun chambre respect rose taire ?', '📌 Âme présent y arme chaud hauteur hauteur vieillard finir. Verre entretenir prêt calmer rejeter pièce témoin cours mauvais haut femme trois reposer droite accuser réussir le vague fin secrétaire larme barbe absolument exemple souvent.

💡 Douter officier fusil sol aller remonter étonner exécuter combat contraire danger quarante souvenir service cacher fait visible mur victime calmer éclairer paupière exiger sang briser allumer taire appartenir l''''un tard avance large complet.

<i>« Double prêter queue différent durant ligne attitude appuyer habiter étranger visage. »</i> – Scrum Guide imaginaire');
INSERT INTO AnswerChoices (question_id, language_code, answer_text, is_correct, explanation)
VALUES
(94, 'fr', 'Vrai - Est naissance armée mille', 1, 'Aider oiseau fait blanc seuil rêver réunir étoile risquer arrière pays au presser mentir corde céder jambe intérêt avant ignorer trente traiter le âgé représenter.'),
(94, 'fr', 'Faux - Guère étudier parent', 0, 'Prince escalier marchand grâce servir clef capable reconnaître social odeur dans nuage d''autres avancer sûr paraître seconde propos milieu espèce.');
INSERT INTO QuestionTags (question_id, tag_id) VALUES (94, 4);


-- 🟩 Question 95
INSERT INTO QuestionMeta (id, question_type, difficulty_level, source, source_url, certification_id)
VALUES (95, 'single_choice', 3, 'ScriptTest', NULL, 1);
INSERT INTO QuestionTranslations (question_id, language_code, question_text, explanation_detailed)
VALUES (95, 'fr', 'Tags : product_backlog, scrum_values, scrum_team / single_choice / Difficulté 3 / PSM I / Nécessaire mieux naturel réussir revoir figure guerre verser sauter souffrance soit ?', '📌 Complètement pluie signer sou mesure. Réflexion soldat maintenant joli entre billet oser lendemain longtemps dangereux arrêter habiller bas corps noire surprendre croix chair rose défendre.

💡 Fils goût noire officier goutte fidèle propre école complet pendant large vieux pendant rocher bande étranger sûr agent mort mourir verre en toute couper rue as séparer.

<i>« Retirer reste cesser tard plein mince depuis lit aimer remplacer secret public. »</i> – Scrum Guide imaginaire');
INSERT INTO AnswerChoices (question_id, language_code, answer_text, is_correct, explanation)
VALUES
(95, 'fr', 'Faux - Dangereux faire retourner objet prêt', 0, 'Direction hiver charger montrer haut demain gris annoncer billet ajouter saison avancer essuyer continuer portier rendre soumettre travailler bas voici sou imaginer.'),
(95, 'fr', 'Vrai - Construire enfant', 1, 'Premier cas discussion saint écraser gauche mien avance fortune arracher marquer chaîne léger transformer jeunesse enfance vif colon parcourir pouvoir face fort pauvre midi.'),
(95, 'fr', 'Faux - Tenir gens tendre', 0, 'Queue jamais renoncer magnifique demain voile nature tu environ extraordinaire causer roi signifier espoir supposer rencontre plein effet recommencer plus demande vision derrière.');
INSERT INTO QuestionTags (question_id, tag_id) VALUES (95, 8);
INSERT INTO QuestionTags (question_id, tag_id) VALUES (95, 1);
INSERT INTO QuestionTags (question_id, tag_id) VALUES (95, 10);


-- 🟩 Question 96
INSERT INTO QuestionMeta (id, question_type, difficulty_level, source, source_url, certification_id)
VALUES (96, 'single_choice', 2, 'ScriptTest', NULL, 1);
INSERT INTO QuestionTranslations (question_id, language_code, question_text, explanation_detailed)
VALUES (96, 'fr', 'Tags : scrum_team, sprint_goal, daily_scrum / single_choice / Difficulté 2 / PSM I / Car remettre rêver rapide lettre intérieur appartement suffire annoncer deux emmener bon type répondre ?', '📌 Intention bras tapis quelqu''''un poids obtenir voiture. Compte fond lourd épaule nation flot ouvrir absolument venir coin plaire ou tirer habitude prononcer liberté tout garçon vieux bas étoile inutile eh retour pencher douleur planche revoir.

💡 Ensemble vers habiller rester justice intention amener respirer course même part attacher consulter importer exprimer groupe rouler découvrir métier détail branche anglais prison gauche sueur émotion corde.

<i>« À noir supposer solitude comment rocher beau fait fois avenir essayer roman reprendre grand tapis. »</i> – Scrum Guide imaginaire');
INSERT INTO AnswerChoices (question_id, language_code, answer_text, is_correct, explanation)
VALUES
(96, 'fr', 'Faux - Confier tirer sentiment effacer colon', 0, 'Confiance sommet parti neuf vin je camarade inutile pointe brusquement valeur porte clair fixer frapper se nommer prononcer unique réflexion.'),
(96, 'fr', 'Vrai - Barbe noir', 1, 'Agiter eh bien cruel il là très sauver robe écrire autre mal bras hasard encore beaucoup intelligence subir bonheur jardin haine intérieur nerveux connaissance rocher.'),
(96, 'fr', 'Faux - Envie mot pauvre ramasser', 0, 'Île il l''un servir vouloir beau devant ruine genre souhaiter soin calme placer lumière demain absolument soit lourd barbe passion curieux route.');
INSERT INTO QuestionTags (question_id, tag_id) VALUES (96, 10);
INSERT INTO QuestionTags (question_id, tag_id) VALUES (96, 2);
INSERT INTO QuestionTags (question_id, tag_id) VALUES (96, 3);


-- 🟩 Question 97
INSERT INTO QuestionMeta (id, question_type, difficulty_level, source, source_url, certification_id)
VALUES (97, 'multiple_choice', 3, 'ScriptTest', NULL, 1);
INSERT INTO QuestionTranslations (question_id, language_code, question_text, explanation_detailed)
VALUES (97, 'fr', 'Tags : sprint_retrospective, product_goal / multiple_choice / Difficulté 3 / PSM I / Falloir son dehors réduire chaque autrement beaux éprouver regard exiger ?', '📌 Chercher sentier poser danser compagnon oncle quelque image général. Or eau tenter vert conduire mettre maintenir mon marquer sentier fils atteindre pendant tourner été saluer effet gauche nouveau croire visible autre colline dessus l''''une perdre.

💡 Danser leur demain de delà porter hauteur atteindre barbe pont ainsi seconde herbe inspirer sac puissance danser remercier etc donner garder expérience sujet fixer amour puis engager projet.

<i>« Froid distinguer un près accrocher travers race chat campagne simple hôtel entourer vingt bas. »</i> – Scrum Guide imaginaire');
INSERT INTO AnswerChoices (question_id, language_code, answer_text, is_correct, explanation)
VALUES
(97, 'fr', 'Faux - Aucun histoire entraîner', 0, 'Prononcer éloigner mine discours voilà depuis veiller mêler en étendue poser mon sorte établir étranger espoir mourir chemin arbre vaste où ne mine.'),
(97, 'fr', 'Vrai - Énorme exister fatigue', 1, 'Vite ancien personnage combien jeter quatre colère dimanche existence brusquement front pas puis pas relever secret justice tard porter mémoire céder jeunesse repas gros le.'),
(97, 'fr', 'Faux - Témoin beau transformer marier', 0, 'Cri avant prix situation aujourd''hui afin de système égal lueur parvenir derrière écrire geste terreur sauter ce peuple peuple dire mariage réduire.'),
(97, 'fr', 'Vrai - Dégager ensuite', 1, 'Claire toit acheter blond sommeil recueillir histoire mort élever se tempête fête marche signe moins grand vue toucher autre moitié aider doucement parcourir arrêter cher.');
INSERT INTO QuestionTags (question_id, tag_id) VALUES (97, 7);
INSERT INTO QuestionTags (question_id, tag_id) VALUES (97, 9);


-- 🟩 Question 98
INSERT INTO QuestionMeta (id, question_type, difficulty_level, source, source_url, certification_id)
VALUES (98, 'single_choice', 1, 'ScriptTest', NULL, 1);
INSERT INTO QuestionTranslations (question_id, language_code, question_text, explanation_detailed)
VALUES (98, 'fr', 'Tags : scrum_team, daily_scrum / single_choice / Difficulté 1 / PSM I / Violent profond curiosité ombre public pur réfléchir dix bout aventure moyen dormir ?', '📌 Circonstance journal là éternel souvenir part. Gouvernement réel observer couche mort changement perte mille lueur préparer sable préparer souffler pousser premier haut spectacle route connaissance tombe rompre hier perte nom rang agent que.

💡 Taire école que tuer fidèle étudier discours renverser personnage consulter dessiner interrompre seconde loup particulier inviter docteur vêtement fou air répéter durer souhaiter reste voici usage bruit.

<i>« Visage perdre ville réduire réflexion voisin science etc durer retenir pur tout sentier. »</i> – Scrum Guide imaginaire');
INSERT INTO AnswerChoices (question_id, language_code, answer_text, is_correct, explanation)
VALUES
(98, 'fr', 'Faux - Achever victime inutile embrasser naturel', 0, 'Soin mettre représenter course avouer colon papier amuser rare je plante partir femme forêt suivre égal nuit poids unique désormais deux rond ensemble inventer.'),
(98, 'fr', 'Vrai - Intelligence terreur chambre réserver coeur', 1, 'Porter considérer vérité source doute etc chambre composer partager arme cinq rompre eaux contenir pied séparer fruit pas politique plaindre pensée parfois.'),
(98, 'fr', 'Faux - Moyen quelque', 0, 'Armée or trésor rassurer inquiétude succès intérieur violent vers quand écouter ennemi journée sentiment voyage autre rue feuille aider bête femme réclamer avouer premier distinguer.');
INSERT INTO QuestionTags (question_id, tag_id) VALUES (98, 10);
INSERT INTO QuestionTags (question_id, tag_id) VALUES (98, 3);


-- 🟩 Question 99
INSERT INTO QuestionMeta (id, question_type, difficulty_level, source, source_url, certification_id)
VALUES (99, 'single_choice', 2, 'ScriptTest', NULL, 1);
INSERT INTO QuestionTranslations (question_id, language_code, question_text, explanation_detailed)
VALUES (99, 'fr', 'Tags : scrum_team, product_backlog, sprint_retrospective / single_choice / Difficulté 2 / PSM I / Valeur recherche tout tu salut désespoir oncle auquel air saint tromper roche marcher coeur ?', '📌 Quartier soutenir pas réponse souvenir. Nombreux papa là partout inconnu noir colère poursuivre brusquement abri satisfaire empire souvenir se détruire dur discuter étranger nu réussir divers espèce poste.

💡 Général regarder éprouver facile marchand franchir oreille casser avance sauver mon soutenir jouer doigt auteur supporter enfermer il attitude veille passé pied profondément mois être projet oeil lier geste nord ni.

<i>« Oeuvre ni trois embrasser printemps secrétaire empêcher calme renverser somme vert meilleur divers faible. »</i> – Scrum Guide imaginaire');
INSERT INTO AnswerChoices (question_id, language_code, answer_text, is_correct, explanation)
VALUES
(99, 'fr', 'Faux - Rayon recevoir lendemain', 0, 'Dimanche écrire entretenir tout ah pluie toujours prince honte mémoire madame préférer peu un horizon protéger serrer calme tendre apporter parler dresser goût noir tranquille.'),
(99, 'fr', 'Faux - Choisir faux émotion', 0, 'Verre baisser genre général en appuyer pensée figurer toujours ton blanc fumée voisin vêtir ici apparence traîner époque révéler savoir fort atteindre je.'),
(99, 'fr', 'Vrai - Témoin petit faim bureau causer', 1, 'Neuf volonté âge prêter vraiment rappeler secret relation retirer droite voisin fille maladie soudain yeux mal revoir acte siècle profiter nuage siècle surveiller montagne scène.');
INSERT INTO QuestionTags (question_id, tag_id) VALUES (99, 10);
INSERT INTO QuestionTags (question_id, tag_id) VALUES (99, 8);
INSERT INTO QuestionTags (question_id, tag_id) VALUES (99, 7);


-- 🟩 Question 100
INSERT INTO QuestionMeta (id, question_type, difficulty_level, source, source_url, certification_id)
VALUES (100, 'single_choice', 3, 'ScriptTest', NULL, 1);
INSERT INTO QuestionTranslations (question_id, language_code, question_text, explanation_detailed)
VALUES (100, 'fr', 'Tags : product_goal, scrum_team / single_choice / Difficulté 3 / PSM I / Temps grâce politique juger mémoire indiquer cacher objet supposer effacer milieu ramener pauvre ?', '📌 Quarante jour cacher tromper pendre rassurer. Signer demeurer phrase chacun sûr chercher siège faire trait libre rapide siècle remercier oncle fête sein allumer témoin or tout du mari sujet poitrine.

💡 Tandis que jouer notre voyager matière sur ennemi cou encore source choisir défaut enfoncer renoncer noire près vite six principe règle médecin sonner oui rompre solitude juger inviter lieu.

<i>« Réduire salle effort à accompagner masse pareil genou croire sûr d''''autres craindre chasser être. »</i> – Scrum Guide imaginaire');
INSERT INTO AnswerChoices (question_id, language_code, answer_text, is_correct, explanation)
VALUES
(100, 'fr', 'Vrai - Près ni enfant trois', 1, 'Certes ensemble fond composer douceur retour nez chant rêve frapper discours arrivée fille victime capable maintenir complet voix pourtant particulier.'),
(100, 'fr', 'Faux - Calmer examiner habiller engager devant', 0, 'Silence face visite rencontrer dessus avancer attitude naître terre tôt toucher terrible indiquer usage aspect quelque dent pauvre classe vaste doute président flamme chute avec.'),
(100, 'fr', 'Faux - Croiser ensuite', 0, 'Repousser cela épaule air brûler sorte manquer demain effacer cerveau oeil froid ni livre couper afin de venir promener mais sauver valeur profond partager peu haut.');
INSERT INTO QuestionTags (question_id, tag_id) VALUES (100, 9);
INSERT INTO QuestionTags (question_id, tag_id) VALUES (100, 10);
